Name,Listing_type,Location,Rating,Host,Beds,DiscountedPrice,OriginalPrice,Latitude,Longitude,State,Country,ZipCodes,Codes
Yosemite Gatekeeper's Lodge,Entire holiday home,El Portal,8.2,Very good,3,474,361,25.8553739,-80.193103,Florida,United States,33138,us
Crown Point Resort,2 entire apartment,Horseshoe Bend,9.2,Superb,2,382,0,36.2200685,-91.7474413,Arkansas,United States,72512,us
Los Angeles Premium 2BR&2BT Suites with Free Parking,Entire apartment,"Hollywood, Los Angeles",8.8,Fabulous,3,540,320,34.1010753,-118.3415105,California,United States,90028,us
Iconic View - Cozy 2BR Suite at the hotel,Entire apartment,Hallandale Beach,9.5,Exceptional,4,436,214,25.9812025,-80.148379,Florida,United States,33009,us
Lazy Bear Den,Entire holiday home,Sevierville,9.7,Exceptional,4,498,266,35.8667112,-83.5620518,Tennessee,United States,37862,us
Fall River cozy apartment,Entire apartment,Fall River,7.9,Good,2,522,319,41.7010642,-71.1546367,Massachusetts,United States,02722,us
BeachTrail Lodging,Entire apartment,"Indian Rocks Beach, Clearwater Beach",9.3,Superb,3,360,343,27.88248665,-82.84753597196398,Florida,United States,33785,us
"Chestnut View Cottage - 2BR, Private, Quiet, Professional Hosts, Smart TVs, Full Kitchen, and More!",Entire holiday home,Fieldale,,Exceptional,4,199,214,36.697976499999996,-79.94492174966402,Virginia,United States,24089,us
Mammoth Village Properties by 101 Great Escapes,Entire apartment,Mammoth Lakes,8.8,Fabulous,4,892,171,37.6432525,-118.9668509,California,United States,93546,us
"Rockaway Oceanview Retreat-Oceanviews,Steps to the beach & Downtown Rockaway, WiFi",Entire holiday home,Rockaway Beach,9.3,Superb,5,329,0,45.613598,-123.943147,Oregon,United States,97136,us
Sunrise on deck!,Entire apartment,Myrtle Beach,9.2,Superb,3,312,304,33.6956461,-78.8900409,South Carolina,United States,29577,us
Kasa University Medical Center Durham,Entire apartment,Durham,7.5,Good,4,463,417,35.996653,-78.9018053,North Carolina,United States,27701,us
Elevation Lofts Hotel,Entire apartment,"Downtown Asheville, Asheville",9.7,Exceptional,2,554,0,35.59377645,-82.55674646673953,North Carolina,United States,28801,us
AMAZING 2BR 2BA NEWLY RENO BEACHFRONT APT W/BEACH VIEW,Entire apartment,"Hollywood Beach, Hollywood",9.1,Superb,3,874,501,26.0281452,-80.1142111,Florida,United States,33019,us
Luxury 2 Bedroom 2 Bath Suite in the Four Seasons Hotel Miami,Private suite,"Brickell, Miami",9.0,Superb,3,2479,0,25.7637907,-80.1954604,Florida,United States,33131,us
Country Farmhouse,Entire apartment,East Montpelier,9.5,Exceptional,3,407,207,44.271263,-72.487106,Vermont,United States,05651,us
Hidden Gem! Turtle Bay Hideaway,Entire apartment,Kahuku,,Exceptional,1,825,339,21.6844495,-157.9416673099028,Hawaii,United States,96731,us
Child Friendly Ski Condo with Sauna at Smugglers Notch,Entire apartment,Cambridge,9.5,Exceptional,6,319,0,52.2055314,0.1186637,England,United Kingdom,CB2 3NR,gb
Lake Hartwell Rental w/Dock,Entire holiday home,Fair Play,9.7,Exceptional,3,298,0,37.6300394,-93.5732585,Missouri,United States,65649,us
Zion Wildflower,2 entire bungalow,Virgin,9.2,Superb,2,833,0,37.201902,-113.1878542,Utah,United States,84779,us
Fairway Forest,2 private suite,Sapphire,8.4,Very good,2,825,388,41.0849899,29.005998304859514,,Türkiye,34415,tr
Mountainside Villas at Massanutten by TripForth,Entire holiday home,McGaheysville,8.6,Fabulous,5,255,388,38.3712399,-78.7322449,Virginia,United States,22840,us
Aqua Haven - Second Street from Beach Home,Entire holiday home,Holden Beach,9.5,Exceptional,2,312,0,33.9135061,-78.3038892,North Carolina,United States,28462,us
"Yovan Longevity & Health Resorts, Catskills",2 private suite,Monticello,7.8,Good,2,1242,0,42.617236,8.9546269,Corse,France,20220,fr
Hilton Daytona Beach Resort,2 private suite,Daytona Beach,7.1,Good,2,2459,0,29.2108147,-81.0228331,Florida,United States,32114,us
Eagle Point Resort,Entire apartment,"Cascade Village, Vail",8.0,Very good,4,471,0,39.63600635,-106.40563075,Colorado,United States,81657,us
Hilton Pensacola Beach,2 private suite,Pensacola Beach,7.9,Good,2,948,0,30.3342348,-87.1350979,Florida,United States,32561,us
The Club at New Seabury,Entire apartment,Mashpee,8.8,Fabulous,4,326,0,41.6484421,-70.4811383,Massachusetts,United States,02649,us
Teton Valley Resort,2 private suite,Victor,8.9,Fabulous,2,747,0,41.7313887,-92.2979429,Iowa,United States,52347,us
Silver King,Entire apartment,Park City,8.3,Very good,3,612,0,40.6460921,-111.4979963,Utah,United States,84060,us
Myrtlewood Condos,Entire vill,Myrtle Beach,7.6,Good,3,261,0,33.6956461,-78.8900409,South Carolina,United States,29577,us
Condos at Canyons Resort by White Pines,Private suite,"Canyons, Park City",8.5,Very good,5,404,0,40.6865939,-111.5560621,Utah,United States,84098,us
San Luis Bay Inn,2 entire apartment,Avila Beach,8.5,Very good,2,591,0,35.1799752,-120.731841,California,United States,93424,us
FRONTDESK The Wayland Apts Downtown St Pete,Entire apartment,"Downtown Saint Petersburg, St Petersburg",7.8,Good,2,354,0,27.7709575,-82.6392976,Florida,United States,33701,us
La Isla South Padre Residences,Entire apartment,South Padre Island,8.5,Very good,3,277,0,26.1036887,-97.1646938,Texas,United States,78597,us
Aston At Poipu Kai,Private suite,"Poipu, Koloa",8.2,Very good,4,519,0,21.89046,-159.466,Hawaii,United States,96756,us
Hilton Suites Ocean City Oceanfront,2 private suite,"Midtown, Ocean City",8.8,Fabulous,2,670,0,38.3926679,-75.06488315,Maryland,United States,21842,us
"Our Home, Your Home",Entire holiday home,Black Mountain,9.5,Exceptional,1,214,0,43.6065985,-73.5311521,New York,United States,12841,us
Mountain Seclusion,Entire chalet,Sevierville,9.2,Superb,3,317,0,35.8667112,-83.5620518,Tennessee,United States,37862,us
Paradise at Canyon Lake,Entire holiday home,Canyon Lake,9.2,Superb,3,253,0,33.6836539,-117.262615,California,United States,92587,us
"Cozy Cabin beside Briar Creek, Fire pit, wifi",Entire chalet,Ellijay,8.9,Fabulous,2,269,0,34.6950278,-84.4827394,Georgia,United States,30540,us
Back INN Time B&B,Entire studio,Kilmarnock,9.2,Superb,1,0,0,55.6100589,-4.4964652,Alba / Scotland,United Kingdom,KA1 1LR,gb
Addy's Villas,Entire vill,Venice,9.6,Exceptional,4,0,0,45.4371908,12.3345898,Veneto,Italia,30170,it
Diamond Adventure Slope Side with Foosball and Arcade at Wintergreen Resort,Entire apartment,Wintergreen,,Exceptional,4,0,0,37.884862,-78.8994672,Virginia,United States,22958,us
Kasa Arlington Dallas,Entire apartment,Arlington,8.1,Very good,4,0,0,32.7355816,-97.1071186,Texas,United States,76010,us
Park Avenue Lofts,Entire holiday home,Freeport,8.2,Very good,5,0,0,42.2966861,-89.6212271,Illinois,United States,61032,us
Timber Ridge Resort by 101 Great Escapes,Entire apartment,Mammoth Lakes,8.0,Very good,1,0,0,37.6432525,-118.9668509,California,United States,93546,us
Stunning Penthouse Suite Waterfront 2BD 2BA,Entire apartment,Hallandale Beach,9.0,Superb,3,0,0,25.9812025,-80.148379,Florida,United States,33009,us
DeSoto Beach Terraces,Entire apartment,Tybee Island,8.2,Very good,3,0,0,31.9987321,-80.8469427,Georgia,United States,31328,us
Beach Harbour 16 @ The Carolina Beach Boardwalk - Full Remodel!,Entire apartment,Carolina Beach,9.5,Exceptional,5,0,0,34.0351727,-77.8935966,North Carolina,United States,28428,us
Royale Palms Condominiums,2 entire apartment,Myrtle Beach,8.3,Very good,2,0,0,33.6956461,-78.8900409,South Carolina,United States,29577,us
"The Reach Key West, Curio Collection by Hilton",2 entire studio,"Downtown Key West, Key West",7.2,Good,2,0,0,24.5521355,-81.79282577364836,Florida,United States,33040,us
Beaver Village by Stay WinterPark,Entire apartment,Winter Park,8.3,Very good,3,0,0,28.5977707,-81.3510264,Florida,United States,32789,us
Classic CWE 2BR with Full Kitchen by Zencity,Entire apartment,Tower Grove,8.0,Very good,2,0,0,38.6225517,-90.2662246,Missouri,United States,63110,us
ROOST Cleveland,Private suite,"Downtown Cleveland, Cleveland",9.5,Exceptional,2,0,0,35.14023735,-97.39468693478696,Oklahoma,United States,73068,us
Aspen Creek by 101 Great Escapes,Entire apartment,Mammoth Lakes,8.5,Very good,4,0,0,37.6432525,-118.9668509,California,United States,93546,us
Brook Road Inn,Private suite,Goshen,8.1,Very good,3,0,0,41.5824086,-85.834366,Indiana,United States,46526,us
Handsome 2BR Condo with Gorgeous Views in Sugar Mountain! condo,Entire apartment,Sugar Mountain,8.5,Very good,3,0,0,44.2703396,-74.9599167,New York,United States,,us
Beachwalk Villas,Entire vill,Carlsbad,8.5,Very good,2,0,0,33.1580933,-117.3505966,California,United States,92008,us
Oceanfront Palm Beach Resort & Spa Singer Island,Entire holiday home,Riviera Beach,8.7,Fabulous,4,0,0,26.784343,-80.0650293,Florida,United States,33404,us
Tahoe Valley Cottage 2,Entire holiday home,South Lake Tahoe,9.4,Superb,2,448,0,38.9332411,-119.9843482,California,United States,96152,us
Mint House Detroit - New Center,Entire apartment,Detroit,8.3,Very good,3,476,0,42.3315509,-83.0466403,Michigan,United States,48226,us
"Bright, beautiful and secluded",Entire apartment,Carbondale,8.7,Fabulous,2,308,0,37.7274692,-89.216655,Illinois,United States,62901,us
Nice cozy townhouse,Entire holiday home,Bushkill,9.2,Superb,4,446,0,41.093429,-75.0018401,Pennsylvania,United States,18324,us
Sea Vista,Entire apartment,South Padre Island,8.0,Very good,3,402,0,26.1036887,-97.1646938,Texas,United States,78597,us
Crimson Beach Escape Ocean View-HotTub -Pool-LongStay,Entire apartment,"West End, Galveston",9.2,Superb,4,313,0,29.14535815,-95.04689286859056,Texas,United States,77554,us
Marina Inn at Grande Dunes,2 private suite,Myrtle Beach,8.8,Fabulous,4,739,0,33.6956461,-78.8900409,South Carolina,United States,29577,us
Sonder Bouldin Creek,Private suite,"South Austin, Austin",8.6,Fabulous,4,404,0,41.8708988,-87.7767955,Illinois,United States,60304,us
"Singer Island Beach resort and Spa, Located at the Palm Beach Marriott",Private suite,Riviera Beach,7.3,Good,4,632,0,26.784343,-80.0650293,Florida,United States,33404,us
Sonder The Esplanade,Private suite,"Faubourg Marigny, New Orleans",7.7,Good,2,708,0,29.965759,-90.054238,Louisiana,United States,70117,us
2BD 2BA Condo with Hot Tub and Pool,Entire apartment,Park City,9.5,Exceptional,6,445,0,40.6460921,-111.4979963,Utah,United States,84060,us
Smoky Waters Luxury Chalet,Entire chalet,Sevierville,7.5,Good,3,276,0,35.8667112,-83.5620518,Tennessee,United States,37862,us
Sugar Shack by Big Bear Cool Cabins,Entire holiday home,Sugarloaf,9.0,Superb,2,496,0,-36.17525415,175.1122321367032,Auckland,New Zealand/Aotearoa,0991,nz
Modern Spanish Villa- Pool- By River-Tropical !!!,Entire vill,Fort Lauderdale,8.9,Fabulous,5,398,0,26.1223084,-80.1433786,Florida,United States,33301,us
Conrad Fort Lauderdale Beach,2 entire studio,"Fort Lauderdale Beach, Fort Lauderdale",9.1,Superb,2,2535,0,26.14700555,-80.10133567091492,Florida,United States,33306,us
Luxurious 2Bedroom 2Bath minutes from the water,Entire apartment,Pensacola,9.3,Superb,2,247,0,30.421309,-87.2169149,Florida,United States,32503,us
ATL Downtown! City View! Onsite Parking! POOL! LM1K1Q,Entire apartment,"Downtown Atlanta, Atlanta",7.3,Good,2,302,0,33.7543408,-84.3870791,Georgia,United States,30303,us
Coco Bay Luxury Condos,Entire apartment,Fort Lauderdale,8.9,Fabulous,3,583,0,26.1223084,-80.1433786,Florida,United States,33301,us
Sonder The Bywater,Private suite,New Orleans,8.8,Fabulous,2,474,0,29.9759983,-90.0782127,Louisiana,United States,70119,us
Dream Getaway with Secluded Spa,Entire holiday home,Big Bear Lake,9.5,Exceptional,4,624,0,34.2440587,-116.91018,California,United States,92315,us
Greeter Falls Lodge Cottage #7,Entire holiday home,Beersheba Springs,,Exceptional,3,183,0,35.4667379,-85.6541419,Tennessee,United States,37305,us
Aston Waikiki Beach Tower,Private suite,"Waikiki, Honolulu",9.4,Superb,4,0,0,21.2793568,-157.8285713,Hawaii,United States,96815,us
The Dogwood Breeze,Entire holiday home,Aquone,8.2,Very good,4,0,0,35.207314,-83.6271105,North Carolina,United States,28781,us
Country Cottage,Entire holiday home,Big Bear City,7.5,Good,4,0,202,34.267886,-116.84859785319148,California,United States,92314,us
Tradewinds Unit 406,Entire apartment,Orange Beach,7.9,Good,4,0,315,30.282839799999998,-87.62460710389821,Alabama,United States,36561,us
Ocean View Paradise!,Private suite,Hawaiian Ocean View,9.6,Exceptional,2,0,298,19.0920501,-155.7766915,Hawaii,United States,96737,us
AKA Rittenhouse Square,Private suite,"Philadelphia City Center, Philadelphia",9.0,Superb,2,0,632,39.9525541,-75.15202163851058,Pennsylvania,United States,19106,us
"Vivant - Upscale Modern Apts - Free Parking, Fast WiFi, Gym",Entire apartment,Austin,9.3,Superb,3,0,236,30.2711286,-97.7436995,Texas,United States,78701,us
Mount Poconos Townhouse Getaway,Entire apartment,East Stroudsburg,7.9,Good,3,0,394,40.9995386,-75.1812913,Pennsylvania,United States,18301,us
Hi Country Haus by Stay Winter Park,Entire apartment,Winter Park,7.9,Good,2,0,0,28.5977707,-81.3510264,Florida,United States,32789,us
Gulf View 27,Entire apartment,Gulf Shores,9.2,Superb,3,0,205,30.2711224,-87.6893826,Alabama,United States,36542,us
Oakleigh Square Townhomes in Midtown Mobile,Entire apartment,Mobile,8.8,Fabulous,1,0,0,30.6867339,-88.0848929,Alabama,United States,36607,us
Mint House Austin - South Congress,Entire apartment,"South Austin, Austin",8.7,Fabulous,3,0,294,41.8708988,-87.7767955,Illinois,United States,60304,us
LUX VILLAs on beautiful Palmer Ranch,Entire vill,Vamo,9.3,Superb,3,0,265,27.223217499999997,-82.49847294835337,Florida,United States,34231,us
Ocean Walk Resort 2 BR Manager American Dream,Entire apartment,Saint Simons Island,8.5,Very good,4,0,234,31.2182863,-81.3612077,Georgia,United States,31561,us
"Gulf View, Flip Flop Oasis GVR06432",Entire apartment,"West End, Galveston",9.3,Superb,4,0,191,29.14535815,-95.04689286859056,Texas,United States,77554,us
Los Cabos 2,Entire apartment,South Padre Island,8.9,Fabulous,4,0,620,26.1036887,-97.1646938,Texas,United States,78597,us
Kasa Downtown Louisville,Entire apartment,"Downtown Louisville, Louisville",7.3,Good,4,0,236,38.24084425,-85.75478029351535,Kentucky,United States,40203,us
Mariposa Lodge Bed and Breakfast,Private suite,Steamboat Springs,9.2,Superb,1,0,238,40.4848003,-106.8317359,Colorado,United States,80487,us
Downtown ATL Condo w Pool King Bed LM1K2T,Entire apartment,"Downtown Atlanta, Atlanta",7.9,Good,3,0,0,33.7543408,-84.3870791,Georgia,United States,30303,us
Luxurious Highrise 2b 2b Apartment Heart Of Downtown LA,Entire apartment,"Downtown Los Angeles, Los Angeles",8.4,Very good,3,0,1127,34.0428494,-118.2476732,California,United States,90013,us
University City Lofts by Sosuite,Entire apartment,"University City, Philadelphia",7.9,Good,2,0,0,39.9492795,-75.1896236,Pennsylvania,United States,19104,us
Brook Road Cabin,Entire holiday home,Goshen,8.2,Very good,2,0,0,41.5824086,-85.834366,Indiana,United States,46526,us
Vivant - Spacious 2BR King Bed Suites Close to Downtown and Airport,Entire apartment,Austin,9.8,Exceptional,3,0,0,30.2711286,-97.7436995,Texas,United States,78701,us
Elan Maison Smart Hub in the Heart of Downtown Houston,Entire apartment,"Downtown Houston, Houston",9.8,Exceptional,4,0,0,29.75831015,-95.36294195965999,Texas,United States,77002,us
Laketown Wharf 728 By ZIA VR,Entire apartment,Panama City Beach,8.3,Very good,6,0,0,30.1765914,-85.805386,Florida,United States,32408,us
Roadrunner's Roost,Entire holiday home,Twentynine Palms,9.8,Exceptional,2,0,0,34.1356915,-116.0543506,California,United States,,us
Play All Day - Sleep By The Stream at Night - Swimming Hole,Entire apartment,Palenville,9.0,Superb,3,0,0,42.1745334,-74.0201355,New York,United States,12463,us
Multi Resorts at Puente Vista,Entire holiday home,Corpus Christi,9.1,Superb,4,0,0,27.7635302,-97.4033191,Texas,United States,78404,us
Atlanta Downtown! High Rise! Onsite Parking LM609,Entire apartment,"Downtown Atlanta, Atlanta",8.6,Fabulous,3,0,0,33.7543408,-84.3870791,Georgia,United States,30303,us
New Luxury Loft #6 Near Resort With Huge Hot Tub & Views - FREE Activities & Equipment Rentals Daily,Entire holiday home,Winter Park,9.2,Superb,5,0,0,28.5977707,-81.3510264,Florida,United States,32789,us
Cozy Top Floor Condo with Mountain Views,Entire apartment,Park City,8.5,Very good,3,0,0,40.6460921,-111.4979963,Utah,United States,84060,us
Starfish Point,Entire apartment,Newport,9.7,Exceptional,3,0,0,41.4899827,-71.3137707,Rhode Island,United States,,us
Beach Drive Suites,Entire apartment,Seaside,8.4,Very good,2,0,0,36.62593,-121.8169383456945,California,United States,93955,us
@ Marbella Lane - 10 Acres Oasis Desert Retreat!,Entire holiday home,Joshua Tree,8.9,Fabulous,2,0,0,34.1265262,-116.32093491214893,California,United States,92252,us
Tradewinds 307,Entire apartment,Orange Beach,7.8,Good,3,0,0,30.282839799999998,-87.62460710389821,Alabama,United States,36561,us
Modern 2BR 3BA Condo on the Boardwalk by CozySuites,Entire apartment,Atlantic City,8.8,Fabulous,3,0,0,39.3642852,-74.4229351,New Jersey,United States,08402,us
Breathtaking Appartment in the heart of marina Del Rey/ Venice Beach,Entire apartment,"Marina Del Rey, Los Angeles",8.1,Very good,4,0,0,33.9776848,-118.448647,California,United States,90292,us
Mammoth Golf Properties By 101 Great Escapes,Entire holiday home,Mammoth Lakes,8.9,Fabulous,5,0,0,37.6432525,-118.9668509,California,United States,93546,us
Waldorf Astoria Monarch Beach Resort & Club,2 entire studio,Dana Point,8.9,Fabulous,2,0,0,33.4669721,-117.6981075,California,United States,92629,us
The Crest 200C condo,Entire apartment,Sugar Mountain,,Exceptional,1,0,0,44.2703396,-74.9599167,New York,United States,,us
Sea to Sky,Private suite,Burien,9.4,Superb,3,0,0,47.469918,-122.3485274,Washington,United States,98166,us
Renu at Jacksonville,Entire apartment,Jacksonville,8.1,Very good,3,0,0,30.3321838,-81.655651,Florida,United States,32202,us
"Ocean Village Club G21, 2 Bedrooms, Heated Pool, Sleeps 4, Pet Friendly",Entire apartment,St. Augustine,8.3,Very good,3,297,0,29.8946952,-81.3145395,Florida,United States,32084,us
Beach Cottage,Entire apartment,Sarasota,8.7,Fabulous,3,676,0,27.3365805,-82.5308545,Florida,United States,34237,us
The White House,Entire holiday home,West Palm Beach,9.2,Superb,3,379,0,26.715364,-80.0532942,Florida,United States,33401,us
Meadow View Chalet-1632 by Big Bear Vacations,Entire holiday home,Big Bear City,7.5,Good,4,288,0,34.267886,-116.84859785319148,California,United States,92314,us
Sweet Blue Spruce,Entire holiday home,Big Bear Lake,8.0,Very good,3,595,0,34.2440587,-116.91018,California,United States,92315,us
Elegant Cottage with Wonderful Views near FH Lake,Entire apartment,Show Low,9.3,Superb,3,218,255,34.2542084,-110.029832,Arizona,United States,85901,us
Margaritaville Cottages Orlando by Rentyl,Entire apartment,"Celebration, Orlando",8.3,Very good,3,493,0,28.5462415,-81.347551,Florida,United States,32803,us
Chateau 17,Entire apartment,Hammond,9.8,Exceptional,1,253,0,41.5833658,-87.500043,Indiana,United States,46324,us
Incredibly Beautiful Mickey themed condo,Entire apartment,Kissimmee,9.0,Superb,4,224,0,28.2918995,-81.4075838,Florida,United States,34741,us
StayOvr at LegacyWest,Entire apartment,"Legacy West, Plano",8.7,Fabulous,2,287,0,33.0808813,-96.82621945349385,Texas,United States,75024,us
"Zen Desert, 2BR/2BA Apartment, Private Entrance",Entire apartment,"West, Sedona",8.6,Fabulous,2,465,0,34.8354088,-111.766246,Arizona,United States,86336,us
Atlantic Ocean Suites,Private suite,Old Orchard Beach,8.7,Fabulous,3,434,0,43.517684,-70.377731,Maine,United States,04064,us
"Resort Condo with 3 Pools and Tennis, Walk to Beach!",Entire apartment,Hilton Head Island,9.0,Superb,4,242,0,32.1618488,-80.7512616,South Carolina,United States,29928,us
"Beachfront Destin Condo with Pool, Harbor View!",Entire apartment,Destin,8.5,Very good,2,484,0,30.3935337,-86.4957834,Florida,United States,32540,us
The Raspberry Garden,Entire apartment,Rexburg,8.7,Fabulous,2,211,0,43.8235163,-111.787022,Idaho,United States,83440,us
Buckberry Creek Chalet,Entire chalet,Gatlinburg,8.1,Very good,3,684,0,35.714259,-83.5101638,Tennessee,United States,37738,us
Walking distance to the beach Ocean Forest Villas,Private suite,Myrtle Beach,8.8,Fabulous,4,174,0,33.6956461,-78.8900409,South Carolina,United States,29577,us
Modern Home nearby Airport,Entire holiday home,Conley,9.5,Exceptional,3,570,0,33.6448311,-84.3257571,Georgia,United States,30288,us
Base Village Ski In-Out Luxury Condo #4285 Huge Hot Tub & Great Views - FREE Activities & Equipment Rentals Daily,Entire holiday home,Winter Park,,Exceptional,3,393,334,28.5977707,-81.3510264,Florida,United States,32789,us
Houston NRG-Med Center Area 2B-2B All Inclusive,Entire apartment,"Medical Center, Houston",9.3,Superb,2,228,245,29.7026477,-95.39593537088199,Texas,United States,77030,us
Red Rock Luxury,Entire apartment,Sedona,9.5,Exceptional,3,405,394,34.8629426,-111.8137097,Arizona,United States,86336,us
Brown Bears Cabin-1091 by Big Bear Vacations,Entire holiday home,Big Bear Lake,8.8,Fabulous,3,234,0,34.2440587,-116.91018,California,United States,92315,us
La Isla Residences Luxury Condominiums,Entire apartment,South Padre Island,7.8,Good,4,245,0,26.1036887,-97.1646938,Texas,United States,78597,us
NEW! Cozy & Secluded House w/Deck - Near Yosemite!,Entire holiday home,Tuolumne,8.7,Fabulous,3,264,0,38.056944,-119.9919351,California,United States,,us
The Van Zant House,Entire holiday home,Jacksonville,8.8,Fabulous,3,180,0,30.3321838,-81.655651,Florida,United States,32202,us
"Stroll to Slopes, Village Area, Ski in-out MtLodge 329",Entire holiday home,Snowshoe,8.2,Very good,3,296,0,38.4128243,-79.9964421,West Virginia,United States,26209,us
An Amazing 2 bedroom 2 full Bath Apartment Unit with Desk and Rental Car Available,Entire apartment,"Westchase, Houston",8.9,Fabulous,3,275,0,29.730322299999997,-95.56245837420101,Texas,United States,77042,us
Boardwalk 2BR 3BA Condo CozySuites at Showboat,Entire apartment,Atlantic City,9.3,Superb,5,228,0,39.3642852,-74.4229351,New Jersey,United States,08402,us
Water View Home,Entire apartment,Seattle,9.5,Exceptional,3,615,0,47.6038321,-122.330062,Washington,United States,98104,us
"Magnolia North 2BR Condo w Pool, Near Beach and Golf",Entire apartment,Myrtle Beach,8.8,Fabulous,4,160,0,33.6956461,-78.8900409,South Carolina,United States,29577,us
Global Luxury Suites at The White House,Entire apartment,"Northwest, Washington",8.0,Very good,3,548,0,41.6314845,-73.3106731,Connecticut,United States,06793,us
The Waterman's Retreat Unit N,Entire holiday home,Fort Lauderdale,9.1,Superb,3,399,0,26.1223084,-80.1433786,Florida,United States,33301,us
Inspiration- Epworth GA,Entire chalet,Epworth,,Exceptional,5,267,0,42.4450016,-90.9320766,Iowa,United States,52045,us
Huge Beachfront Condo CozySuites at Showboat,Entire apartment,Atlantic City,8.6,Fabulous,5,228,0,39.3642852,-74.4229351,New Jersey,United States,08402,us
Bluebird Suites DC Financial District,Entire apartment,"Northwest, Washington",7.7,Good,3,628,0,41.6314845,-73.3106731,Connecticut,United States,06793,us
Lotus Garden Cottages,Entire bungalow,Volcano,9.4,Superb,1,1408,0,38.4427907,-120.6309635,California,United States,95689,us
Modern spacious home with Pool/Ping pong table in Midtown Atlanta !,Entire apartment,Atlanta,,Exceptional,3,317,0,33.7489924,-84.3902644,Georgia,United States,30303,us
Azure Smart Hub near Med CTR & NRG,Entire apartment,"Medical Center, Houston",9.0,Superb,2,246,0,29.7026477,-95.39593537088199,Texas,United States,77030,us
Luxury Furnished Apartments by Hyatus Downtown at Yale,Entire apartment,New Haven,9.6,Exceptional,3,906,0,41.3082138,-72.9250518,Connecticut,United States,,us
The Pearl Of Detroit/10 Minutes To Down Town,Entire apartment,Detroit,7.6,Good,3,231,0,42.3315509,-83.0466403,Michigan,United States,48226,us
Ocean Walk Resort Two Bedroom,Entire apartment,Daytona Beach,8.0,Very good,5,513,0,29.2108147,-81.0228331,Florida,United States,32114,us
Kasa Central West End St Louis,Entire apartment,Maryland Heights,8.3,Very good,4,331,0,38.7150511,-90.435999,Missouri,United States,63043,us
Ineffable Cozy Condo,Entire apartment,West Palm Beach,8.3,Very good,4,441,0,26.715364,-80.0532942,Florida,United States,33401,us
Unforgettable Vacation Experience at Ocean Forest Villas,Private suite,Myrtle Beach,8.5,Very good,4,192,423,33.6956461,-78.8900409,South Carolina,United States,29577,us
2BR 3BA Beachfront Rental in Town CozySuites,Entire apartment,Atlantic City,9.2,Superb,5,228,0,39.3642852,-74.4229351,New Jersey,United States,08402,us
1 Portofino 1005 at Pensacola Beach,Entire apartment,Pensacola Beach,8.0,Very good,4,249,0,30.3342348,-87.1350979,Florida,United States,32561,us
CozySuites at Showboat Bold 2BR 3BA Beachfront,Entire apartment,Atlantic City,8.7,Fabulous,4,228,0,39.3642852,-74.4229351,New Jersey,United States,08402,us
Grand Two Bedroom Two Bathroom Apartment with Balcony,Entire apartment,Gainesville,9.4,Superb,3,326,0,29.6519684,-82.3249846,Florida,United States,32601,us
Atlantica Towers Beach-side Condo w Pools,Entire apartment,Myrtle Beach,7.9,Good,3,175,0,33.6956461,-78.8900409,South Carolina,United States,29577,us
Noir Oasis 5 MINS away from Texas Medical Center,Entire apartment,Houston,9.2,Superb,2,264,0,29.7589382,-95.3676974,Texas,United States,77002,us
"Pocono cabin, PRIVATE pool Shawnee/Camelback",Entire holiday home,East Stroudsburg,9.8,Exceptional,3,442,0,40.9995386,-75.1812913,Pennsylvania,United States,18301,us
Base Village Ski In Out Luxury Condo #4574 - Huge Hot Tub & Views - FREE Activities & Equipment Rentals Daily,Entire apartment,Winter Park,,Exceptional,5,393,0,28.5977707,-81.3510264,Florida,United States,32789,us
Luxury 2Bedrooms I 2Baths & Parking!,Entire apartment,"Santa Monica, Los Angeles",8.6,Fabulous,3,989,0,34.0194704,-118.491227,California,United States,90401,us
Bright Condo with Pool Access and Patio Less Than 8Mi to Sedona,Entire apartment,Oak Creek,,Exceptional,2,351,0,42.8858503,-87.8631362,Wisconsin,United States,53154,us
"Ocean Village Club J14, 2 Bedrooms, Heated Pool, Sleeps 6, Pet Friendly",Entire apartment,St. Augustine,7.3,Good,4,297,0,29.8946952,-81.3145395,Florida,United States,32084,us
NEW! Bogey Bear Accomodations in Pigeon Forge Resort!,Entire holiday home,Pigeon Forge,7.8,Good,3,487,0,35.7884241,-83.5543329,Tennessee,United States,37863,us
Two-Bedroom Condo G136 at Mountainside,Entire apartment,Frisco,8.6,Fabulous,4,335,0,33.1506744,-96.8236116,Texas,United States,75034,us
Cactus Adobe,Entire holiday home,Twentynine Palms,9.3,Superb,4,377,0,34.1356915,-116.0543506,California,United States,,us
GoodKarma Rentals Gorgeous Interiors Gorgeous Outdoor Living Space with a Huge Fenced Backyard Coffee Time at Our Deck with a Clear View,Entire bungalow,Marietta,8.0,Very good,3,302,0,33.9528472,-84.5496148,Georgia,United States,30090,us
2 BR W Residences Ft. Lauderdale,Entire apartment,"Fort Lauderdale Beach, Fort Lauderdale",9.2,Superb,5,1480,0,26.14700555,-80.10133567091492,Florida,United States,33306,us
Greeter Falls Lodge Cottage #6,Entire holiday home,Altamont,9.6,Exceptional,3,183,0,37.1903448,-95.2971928,Kansas,United States,67330,us
311 Vail International Condo,Entire apartment,"Lionshead, Vail",9.6,Exceptional,4,718,0,39.6422769,-106.39257066981642,Colorado,United States,81657,us
Desert Gardens #3,Entire holiday home,Moab,9.5,Exceptional,2,837,0,38.5738096,-109.546214,Utah,United States,84532,us
Spacious Modern Condo - 1st Floor - One Block to the Beach,Entire apartment,Myrtle Beach,9.7,Exceptional,3,180,0,33.6956461,-78.8900409,South Carolina,United States,29577,us
The Dawn Oceanfront Bliss on Famous Seawall Blvd,Entire apartment,"West End, Galveston",9.2,Superb,3,482,0,29.14535815,-95.04689286859056,Texas,United States,77554,us
"Villa Serenity, Pet Friendly",Entire holiday home,Panama City Beach,8.1,Very good,1,209,0,30.1765914,-85.805386,Florida,United States,32408,us
Italian Villa with Backyard - 1mi to Beach,Entire holiday home,Boynton Beach,8.0,Very good,2,259,0,26.5256179,-80.0666026,Florida,United States,33435,us
Santona Townhouse Unit 401,Entire holiday home,Hot Springs Village,9.4,Superb,2,242,0,34.6720356,-92.9987886,Arkansas,United States,71909,us
Ocean View Bahama Sands Stunning Resort,Entire apartment,"North Myrtle Beach, Myrtle Beach",8.7,Fabulous,4,230,0,33.81478475,-78.67986991215972,South Carolina,United States,29582,us
Modern Solstice near MED CTR & NRG,Entire apartment,Houston,9.0,Superb,2,264,346,29.7589382,-95.3676974,Texas,United States,77002,us
Moonlight Mesa House,Entire holiday home,Joshua Tree,9.7,Exceptional,2,640,0,34.1265262,-116.32093491214893,California,United States,92252,us
"Ocean Village Club K12, 2 Bedrooms, Sleeps 4, Heated Pool, WiFi",Entire apartment,St. Augustine,9.6,Exceptional,2,297,0,29.8946952,-81.3145395,Florida,United States,32084,us
My Home in Orlando,Entire apartment,Kissimmee,9.5,Exceptional,4,195,0,28.2918995,-81.4075838,Florida,United States,34741,us
Little Italy Lodge-2 Bedroom Stay in Bloomfield,Entire apartment,Pittsburgh,,Exceptional,1,219,0,40.4416941,-79.9900861,Pennsylvania,United States,15219,us
Little Italy Lodge-2 Bedroom Stay in Bloomfield,Entire apartment,Pittsburgh,,Exceptional,1,0,576,40.4416941,-79.9900861,Pennsylvania,United States,15219,us
Irish American INN,Entire apartment,Newport,8.9,Fabulous,3,0,1093,41.4899827,-71.3137707,Rhode Island,United States,,us
Forest Glen,Entire holiday home,Big Bear Lake,9.5,Exceptional,2,0,429,34.2440587,-116.91018,California,United States,92315,us
Somewhere over the Rainbow Loft with AC Hilo,Entire holiday home,Hilo,9.5,Exceptional,3,0,657,19.7073734,-155.08158,Hawaii,United States,96720,us
Riverfront Mountain Cottage Retreat,Entire vill,Estes Park,9.9,Exceptional,3,0,0,40.369766,-105.54968963482818,Colorado,United States,80517,us
Crossett Hill Lodge,Entire holiday home,Duxbury,9.6,Exceptional,4,0,0,42.0417695,-70.672259,Massachusetts,United States,02332,us
"Spacious 2BR Retreat, Blocks to the Beach & Dining, 92 Walk Score, Gated Parking",Entire apartment,Oceanside,9.0,Superb,2,0,0,33.1958696,-117.3794834,California,United States,92054,us
Rustic Clint Eastwood Ranch Apt by Raystown Lake,Entire holiday home,Huntingdon,8.2,Very good,3,0,0,40.3446332,-78.0281185,Pennsylvania,United States,16622,us
"Close to CLE airport (3-2c), ideal for long stays!",Entire apartment,Fairview Park,9.0,Superb,4,0,0,41.4461727,-81.8526519,Ohio,United States,44126,us
Stylish 2BR 3BA CozySuites on the Boardwalk,Entire apartment,Atlantic City,8.9,Fabulous,5,0,0,39.3642852,-74.4229351,New Jersey,United States,08402,us
"Oceanfront beach, sky, & dolphins",Entire apartment,"Virginia Beach Boardwalk, Virginia Beach",9.7,Exceptional,4,0,0,36.84363895,-75.97089101547536,Virginia,United States,23451,us
Two-Bedroom Townhome 103F at The Pointe,Entire apartment,Frisco,,Exceptional,3,0,0,33.1506744,-96.8236116,Texas,United States,75034,us
"SnowDogs Condo, Walk to Quicksilver Lift and Main St",Entire apartment,"Peak 9, Breckenridge",,Exceptional,5,0,0,42.6368598,-82.9687936,Michigan,United States,48044,us
Myrtlewood Golf Resort Condo with Pool Access,Entire apartment,Myrtle Beach,,Exceptional,3,0,0,33.6956461,-78.8900409,South Carolina,United States,29577,us
Hosteeva Atlantica Oceanview Condo,Entire apartment,Myrtle Beach,7.5,Good,5,0,0,33.6956461,-78.8900409,South Carolina,United States,29577,us
New Luxury Loft #17 Near Resort With Huge Hot Tub & Views - FREE Activities & Equipment Rentals Daily,Entire holiday home,Winter Park,9.4,Superb,5,0,0,28.5977707,-81.3510264,Florida,United States,32789,us
Galveston Beach House with Private Deck and Gulf Views,Entire holiday home,"West End, Galveston",9.5,Exceptional,3,0,0,29.14535815,-95.04689286859056,Texas,United States,77554,us
"DOUBLE Master Suites Condo Near MED CTR, NRG Arena 2",Entire apartment,"Medical Center, Houston",8.0,Very good,2,0,0,29.7026477,-95.39593537088199,Texas,United States,77030,us
Mon Chateau,Entire holiday home,Peoria,9.3,Superb,3,0,0,40.6938609,-89.5891008,Illinois,United States,61602,us
Bold Boardwalk 2BR 3BA Condo by CozySuites,Entire apartment,Atlantic City,8.6,Fabulous,5,0,0,39.3642852,-74.4229351,New Jersey,United States,08402,us
Whiffletree G1,Entire apartment,Killington,7.0,Good,5,0,0,43.67433,-72.7784445,Vermont,United States,05751,us
Scenic Retreat-1772 by Big Bear Vacations,Entire holiday home,Big Bear Lake,8.7,Fabulous,3,0,358,34.2440587,-116.91018,California,United States,92315,us
Charming Ocean-view Condo at Ocean Pier 3,Entire apartment,"North Myrtle Beach, Myrtle Beach",9.3,Superb,3,0,0,33.81478475,-78.67986991215972,South Carolina,United States,29582,us
Laketown Wharf Resort 631 By ZIA,Entire apartment,Panama City Beach,8.8,Fabulous,4,0,346,30.1765914,-85.805386,Florida,United States,32408,us
Play Chalet (MCA 489),Entire holiday home,Manzanita,9.0,Superb,8,0,0,45.718616,-123.9350384,Oregon,United States,97130,us
Briarstone Lodge Condo 13C,Entire apartment,Pigeon Forge,9.0,Superb,8,0,0,35.7884241,-83.5543329,Tennessee,United States,37863,us
Catalina Retreat,Entire holiday home,Big Bear Lake,,Exceptional,4,0,0,34.2440587,-116.91018,California,United States,92315,us
The Fox Paw,Entire holiday home,Big Bear Lake,8.0,Very good,4,0,0,34.2440587,-116.91018,California,United States,92315,us
Anglers Reef Paradise,Entire holiday home,Islamorada,9.2,Superb,4,0,0,24.9236561,-80.6291479,Florida,United States,33036,us
Holden Beach Your Way,Entire holiday home,Holden Beach,8.5,Very good,3,0,266,33.9135061,-78.3038892,North Carolina,United States,28462,us
Laytons Loft Bed and Breakfast,Entire holiday home,Manti,9.0,Superb,2,0,0,39.2682951,-111.6368627,Utah,United States,84642,us
Cabin Chic,Entire holiday home,Big Bear City,9.0,Superb,3,0,0,34.267886,-116.84859785319148,California,United States,92314,us
Moonridge Mountain by Big Bear Cool Cabins,Entire holiday home,Big Bear Lake,9.0,Superb,2,0,0,34.2440587,-116.91018,California,United States,92315,us
"Modern Ski Chalet, 10mins to Skiing, Hot Tub & Mountain Views",Entire chalet,Whitefish,,Exceptional,3,0,0,48.450293,-114.33828531635987,Montana,United States,59937,us
"The WILLA on 7th, located in Downtown BENTONVILLE!",Entire holiday home,Bentonville,9.3,Superb,4,0,0,36.3728538,-94.2088172,Arkansas,United States,72712,us
Vacation Bliss LLC,Entire vill,Hilton Head Island,8.6,Fabulous,3,0,0,32.1618488,-80.7512616,South Carolina,United States,29928,us
Pans Abode,Entire holiday home,Manzanita,7.5,Good,2,0,0,45.718616,-123.9350384,Oregon,United States,97130,us
Feel at Home a 3 Minute Walk from the Beach,Entire holiday home,"North Myrtle Beach, Myrtle Beach",8.9,Fabulous,2,0,0,33.81478475,-78.67986991215972,South Carolina,United States,29582,us
"Bright & Airy 2BR, 3 Blocks From The Beach",Entire apartment,Ventnor City,7.2,Good,1,0,0,39.3405045,-74.4773916,New Jersey,United States,08406,us
Beachfront 2BR 3BA Condo CozySuites at Showboat,Entire apartment,Atlantic City,7.9,Good,5,0,0,39.3642852,-74.4229351,New Jersey,United States,08402,us
Two Bedroom Apartment at the Palace Resort,Entire apartment,Myrtle Beach,7.5,Good,4,0,0,33.6956461,-78.8900409,South Carolina,United States,29577,us
Phillips Historic Motel & Cottages,Entire bungalow,Robbinsville,7.9,Good,4,0,0,35.3227597,-83.8069988,North Carolina,United States,28771,us
Luxurious Penthouse with huge Gameroom with over 4000 games,Entire apartment,"South Loop, Chicago",7.7,Good,5,0,0,41.8617846,-87.6261213,Illinois,United States,60605,us
Centrally Located Coffee Bar & Comfort 3,Entire apartment,Fairbanks,7.6,Good,1,0,0,64.837845,-147.716675,Alaska,United States,99703,us
Honey Bear by Big Bear Cool Cabins,Entire holiday home,Big Bear Lake,7.5,Good,3,0,0,34.2440587,-116.91018,California,United States,92315,us
Wild West Retreat with Backyard - 1mi to Beach,Entire holiday home,Boynton Beach,8.8,Fabulous,2,0,0,26.5256179,-80.0666026,Florida,United States,33435,us
Halo Oasis - Perfect for your Surf City Getaway! condo,Entire apartment,Surf City,9.3,Superb,1,0,0,39.6587349,-74.168292,New Jersey,United States,08008,us
His Promises Cabin,Entire chalet,Pigeon Forge,9.6,Exceptional,3,0,0,35.7884241,-83.5543329,Tennessee,United States,37863,us
Moondrifter 506 By ZIA,Entire apartment,Panama City Beach,8.8,Fabulous,4,136,0,30.1765914,-85.805386,Florida,United States,32408,us
Red Roof,Entire holiday home,Stanley,8.3,Very good,2,464,0,-51.6950575,-57.8491693,,Falkland Islands,,fk
Crystal Tower 904,Entire apartment,Gulf Shores,8.6,Fabulous,3,253,0,30.2711224,-87.6893826,Alabama,United States,36542,us
Briarstone Lodge Condo 13C,Entire apartment,Pigeon Forge,9.0,Superb,8,365,0,35.7884241,-83.5543329,Tennessee,United States,37863,us
Catalina Retreat,Entire holiday home,Big Bear Lake,,Exceptional,4,663,0,34.2440587,-116.91018,California,United States,92315,us
West NewYork NJ Cozy 2bed apt backyard to stay,Entire apartment,West New York,,Exceptional,3,609,0,40.7856117,-74.0093129,New Jersey,United States,07093,us
The Fox Paw,Entire holiday home,Big Bear Lake,8.0,Very good,4,1115,0,34.2440587,-116.91018,California,United States,92315,us
Anglers Reef Paradise,Entire holiday home,Islamorada,9.2,Superb,4,843,0,24.9236561,-80.6291479,Florida,United States,33036,us
Holden Beach Your Way,Entire holiday home,Holden Beach,8.5,Very good,3,265,0,33.9135061,-78.3038892,North Carolina,United States,28462,us
Laytons Loft Bed and Breakfast,Entire holiday home,Manti,9.0,Superb,2,178,0,39.2682951,-111.6368627,Utah,United States,84642,us
Cabin Chic,Entire holiday home,Big Bear City,9.0,Superb,3,342,0,34.267886,-116.84859785319148,California,United States,92314,us
Moonridge Mountain by Big Bear Cool Cabins,Entire holiday home,Big Bear Lake,9.0,Superb,2,682,0,34.2440587,-116.91018,California,United States,92315,us
A Humble Hilltop Hideaway,Entire holiday home,Big Bear City,8.7,Fabulous,2,466,0,34.267886,-116.84859785319148,California,United States,92314,us
"Modern Ski Chalet, 10mins to Skiing, Hot Tub & Mountain Views",Entire chalet,Whitefish,,Exceptional,3,312,0,48.450293,-114.33828531635987,Montana,United States,59937,us
"The WILLA on 7th, located in Downtown BENTONVILLE!",Entire holiday home,Bentonville,9.3,Superb,4,388,0,36.3728538,-94.2088172,Arkansas,United States,72712,us
Vacation Bliss LLC,Entire vill,Hilton Head Island,8.6,Fabulous,3,325,0,32.1618488,-80.7512616,South Carolina,United States,29928,us
Pans Abode,Entire holiday home,Manzanita,7.5,Good,2,363,0,45.718616,-123.9350384,Oregon,United States,97130,us
Feel at Home a 3 Minute Walk from the Beach,Entire holiday home,"North Myrtle Beach, Myrtle Beach",8.9,Fabulous,2,203,0,33.81478475,-78.67986991215972,South Carolina,United States,29582,us
"Bright & Airy 2BR, 3 Blocks From The Beach",Entire apartment,Ventnor City,7.2,Good,1,112,0,39.3405045,-74.4773916,New Jersey,United States,08406,us
Beachfront 2BR 3BA Condo CozySuites at Showboat,Entire apartment,Atlantic City,7.9,Good,5,228,0,39.3642852,-74.4229351,New Jersey,United States,08402,us
Two Bedroom Apartment at the Palace Resort,Entire apartment,Myrtle Beach,7.5,Good,4,335,0,33.6956461,-78.8900409,South Carolina,United States,29577,us
Phillips Historic Motel & Cottages,Entire bungalow,Robbinsville,7.9,Good,4,702,0,35.3227597,-83.8069988,North Carolina,United States,28771,us
Luxurious Penthouse with huge Gameroom with over 4000 games,Entire apartment,"South Loop, Chicago",7.7,Good,5,1486,0,41.8617846,-87.6261213,Illinois,United States,60605,us
Centrally Located Coffee Bar & Comfort 3,Entire apartment,Fairbanks,7.6,Good,1,295,0,64.837845,-147.716675,Alaska,United States,99703,us
Honey Bear by Big Bear Cool Cabins,Entire holiday home,Big Bear Lake,7.5,Good,3,453,238,34.2440587,-116.91018,California,United States,92315,us
Wild West Retreat with Backyard - 1mi to Beach,Entire holiday home,Boynton Beach,8.8,Fabulous,2,260,310,26.5256179,-80.0666026,Florida,United States,33435,us
Halo Oasis - Perfect for your Surf City Getaway! condo,Entire apartment,Surf City,9.3,Superb,1,204,0,39.6587349,-74.168292,New Jersey,United States,08008,us
His Promises Cabin,Entire chalet,Pigeon Forge,9.6,Exceptional,3,493,525,35.7884241,-83.5543329,Tennessee,United States,37863,us
Alpine Haus by Big Bear Cool Cabins,Entire holiday home,Big Bear Lake,7.8,Good,3,620,286,34.2440587,-116.91018,California,United States,92315,us
Two-Bedroom Mountainside Condo E259,Entire apartment,Frisco,8.7,Fabulous,3,335,0,33.1506744,-96.8236116,Texas,United States,75034,us
"Villa Paradise, Pet Friendly",Entire holiday home,Panama City Beach,9.1,Superb,1,209,250,30.1765914,-85.805386,Florida,United States,32408,us
Crystal Shores Unit 1 - Relaxing Ocean Front Condo with Breathtaking Views condo,Entire apartment,Kure Beach,8.5,Very good,1,332,238,33.9968399,-77.9072081,North Carolina,United States,28449,us
Atlantica Towers Condo w Balcony by Hosteeva,Entire apartment,Myrtle Beach,7.4,Good,3,226,708,33.6956461,-78.8900409,South Carolina,United States,29577,us
Frank's Landing,Entire holiday home,Topton,9.8,Exceptional,6,386,397,40.5034284,-75.7013027,Pennsylvania,United States,19562,us
"Catskills Cottage By The Lake, Sullivan County",Entire vill,Rock Hill,9.0,Superb,1,253,367,34.9248667,-81.0250784,South Carolina,United States,29731,us
Elegant 2-bedroom pet-friendly villa w 2 parking spaces,Entire apartment,Hilton Head Island,9.2,Superb,4,247,0,32.1618488,-80.7512616,South Carolina,United States,29928,us
Grandpas Axe-1775 by Big Bear Vacations,Entire holiday home,Big Bear Lake,,Exceptional,3,333,291,34.2440587,-116.91018,California,United States,92315,us
"#2 bedroom cozy SUITE, 1 min walk to the beach #",Entire apartment,Bullhead City,,Exceptional,4,192,0,35.1477774,-114.568298,Arizona,United States,86429,us
Lux Oceanfront villa with breathtaking views!,Entire apartment,Avalon,8.2,Very good,3,874,0,33.34221,-118.3272612,California,United States,90704,us
Downtown Charlevoix Duplex half Mi to Lake Michigan,Entire holiday home,Charlevoix,9.0,Superb,2,291,0,45.202075,-84.9676387,Michigan,United States,,us
The Viking (MCA 410),Entire holiday home,Manzanita,7.5,Good,2,321,278,45.718616,-123.9350384,Oregon,United States,97130,us
Coy Cottage,Entire holiday home,Big Bear City,8.2,Very good,3,682,0,34.267886,-116.84859785319148,California,United States,92314,us
Two-Bedroom Cabin in Frisco,Entire holiday home,Frisco,9.0,Superb,6,504,665,33.1506744,-96.8236116,Texas,United States,75034,us
5 O' Clock Somewhere Cabin,Entire holiday home,Pigeon Forge,9.0,Superb,4,1405,299,35.7884241,-83.5543329,Tennessee,United States,37863,us
Spacious Boardwalk 2BR 3BA Condo by CozySuites,Entire apartment,Atlantic City,8.4,Very good,5,228,300,39.3642852,-74.4229351,New Jersey,United States,08402,us
The Dusty Rose Château.,Entire holiday home,"East End, Galveston",9.3,Superb,3,0,422,29.3046766,-94.7882922,Texas,United States,77550,us
Sweet Dreams,Entire holiday home,Dauphin Island,9.2,Superb,3,0,537,30.2542022,-88.1124817,Alabama,United States,36528,us
Bear Retreat,Entire holiday home,Big Bear Lake,,Exceptional,4,0,328,34.2440587,-116.91018,California,United States,92315,us
Little Big Pine,Entire holiday home,Big Bear Lake,8.9,Fabulous,3,0,163,34.2440587,-116.91018,California,United States,92315,us
"The TreeHouse - Rocking Chair Deck with Hot Tub below, Walking Distance to Downtown Helen, Sleeps 5",Entire holiday home,Helen,9.4,Superb,3,0,556,34.7009043,-83.7294546,Georgia,United States,30545,us
Hosteeva Beachfront Condo With Private Balcony,Entire apartment,Myrtle Beach,7.3,Good,4,0,519,33.6956461,-78.8900409,South Carolina,United States,29577,us
Pine Mountain State Resort Park,2 entire holiday home,Pineville,8.6,Fabulous,2,0,441,36.7620301,-83.6949176,Kentucky,United States,40977,us
Boardwalk 983,Entire apartment,Gulf Shores,8.7,Fabulous,4,0,430,30.2711224,-87.6893826,Alabama,United States,36542,us
Village Hideaway,Entire holiday home,Big Bear Lake,7.8,Good,3,0,561,34.2440587,-116.91018,California,United States,92315,us
"Island North 4A - Incredible ocean views, quiet and relaxing, located near Freeman Park condo",Entire apartment,Carolina Beach,8.5,Very good,1,0,0,34.0351727,-77.8935966,North Carolina,United States,28428,us
Pelican Beach Resort by Tufan,Entire apartment,Destin,8.8,Fabulous,4,0,388,30.3935337,-86.4957834,Florida,United States,32540,us
Hawk Haven- Blue Ridge,Entire chalet,Morganton,9.6,Exceptional,4,0,494,35.7454291,-81.6870837,North Carolina,United States,,us
Bear Country Cabin,Entire holiday home,Big Bear City,7.6,Good,3,0,308,34.267886,-116.84859785319148,California,United States,92314,us
Mi Casa Es Su Casa,Entire holiday home,Big Bear Lake,9.0,Superb,4,0,427,34.2440587,-116.91018,California,United States,92315,us
Lake Chelan Resort Condo Pool and Hot Tub Access!,Entire apartment,Manson,8.5,Very good,2,0,263,42.5291439,-94.5341421,Iowa,United States,50563,us
Cottage near Overton Park W/ 5 Large Beds and SOFA,Entire holiday home,"University District, Memphis",9.5,Exceptional,6,0,537,35.1393168,-90.0313529,Tennessee,United States,38163,us
808 BUDDHA 1 Block to the Ocean Paradise Cliffs Central Location 2 Bedrooms Plus Loft 3 Separate Sleeping Areas,Entire holiday home,Keaau,9.4,Superb,5,0,262,19.6225209,-155.0390436,Hawaii,United States,96749,us
"Sand Pebbles A17 - Relax and unwind, Feel the sun on your shoulders and the ocean breezes in your hair, condo",Entire apartment,Carolina Beach,7.0,Good,1,0,405,34.0351727,-77.8935966,North Carolina,United States,28428,us
Thunder Island 75B condo,Entire apartment,"Midtown, Ocean City",8.5,Very good,1,0,334,38.3926679,-75.06488315,Maryland,United States,21842,us
Silverado I Building B Unit 204,Entire holiday home,Winter Park,8.6,Fabulous,2,0,183,28.5977707,-81.3510264,Florida,United States,32789,us
Charming Canyon Lake Cottage with Pool and BBQ Pit!,Entire holiday home,Canyon Lake,8.0,Very good,3,0,429,33.6836539,-117.262615,California,United States,92587,us
Boardwalk 2BR 3BA Condo by CozySuites,Entire apartment,Atlantic City,7.4,Good,5,0,163,39.3642852,-74.4229351,New Jersey,United States,08402,us
Bountyland Cottage - Lake Keowee - Mountains - Clemson University,Entire holiday home,Seneca,9.0,Superb,3,0,372,41.1343702,-83.1194199,Ohio,United States,,us
Greek Villa Vibes with Backyard - 1mi to Beach,Entire holiday home,Boynton Beach,8.6,Fabulous,3,0,240,26.5256179,-80.0666026,Florida,United States,33435,us
Sand of Time Cottage cottage,Entire holiday home,"East End, Galveston",,Exceptional,4,255,0,29.3046766,-94.7882922,Texas,United States,77550,us
24B Powder Run condo,Entire apartment,"Deer Valley, Park City",,Exceptional,3,494,0,40.6382306,-111.4770619,Utah,United States,84060,us
539 Bay Street,Entire apartment,Traverse City,9.6,Exceptional,4,261,0,44.7606441,-85.6165301,Michigan,United States,49684,us
Hosteeva 2-BR Oceanfront Views w Pool Atlantica Towers Condo,Entire apartment,Myrtle Beach,7.1,Good,3,198,0,33.6956461,-78.8900409,South Carolina,United States,29577,us
New Luxury Loft #1 Near Resort With Huge Hot Tub & Views -FREE Activities & Equipment Rentals Daily,Entire holiday home,Winter Park,9.5,Exceptional,5,393,0,28.5977707,-81.3510264,Florida,United States,32789,us
Cabool Cottage,Entire holiday home,Cabool,9.8,Exceptional,1,297,0,37.123941,-92.1012678,Missouri,United States,65689,us
Mountain Bliss by Big Bear Cool Cabins,Entire holiday home,Big Bear City,8.2,Very good,4,743,0,34.267886,-116.84859785319148,California,United States,92314,us
2BR Condo On The Boardwalk with 3 Baths CozySuites,Entire apartment,Atlantic City,7.0,Good,5,228,0,39.3642852,-74.4229351,New Jersey,United States,08402,us
Mountain View Near Sedona for 6-8,Entire holiday home,Cottonwood,,Exceptional,4,292,0,44.019068,-95.1658845,Minnesota,United States,56145,us
Lazy Days Cottage - Amazing Views and Great Location! home,Entire holiday home,"East End, Galveston",8.0,Very good,4,306,0,29.3046766,-94.7882922,Texas,United States,77550,us
Bay Colony 773 - Upper,Entire apartment,Nisswa,9.5,Exceptional,4,380,0,46.5205224,-94.288609,Minnesota,United States,56468,us
Mount Royal Townhome,Entire apartment,Frisco,8.0,Very good,3,337,0,33.1506744,-96.8236116,Texas,United States,75034,us
2BR 3BA Beachfront Condo CozySuites at Showboat,Entire apartment,Atlantic City,8.2,Very good,5,228,0,39.3642852,-74.4229351,New Jersey,United States,08402,us
Amazing Kaison's Condo,Entire apartment,Salt Lake City,9.1,Superb,4,731,0,40.7596198,-111.886797,Utah,United States,84111,us
Sea Fever - Newly renovated OCEANFRONT second floor condo! Sunrises and sweeping views! condo,Entire apartment,Carolina Beach,7.5,Good,1,332,0,34.0351727,-77.8935966,North Carolina,United States,28428,us
CozySuites Beachfront 2BR 3BA Condo,Entire apartment,Atlantic City,8.5,Very good,5,228,0,39.3642852,-74.4229351,New Jersey,United States,08402,us
Vista Pines-234 by Big Bear Vacations,Entire holiday home,Big Bear Lake,8.0,Very good,3,268,0,34.2440587,-116.91018,California,United States,92315,us
Bay Colony 766 - lower,Entire apartment,Nisswa,9.5,Exceptional,4,383,0,46.5205224,-94.288609,Minnesota,United States,56468,us
Reel'Em Inn Condo,Entire apartment,Branson,8.5,Very good,2,236,0,36.6411357,-93.2175285,Missouri,United States,65616,us
"Panoramic Water Views , cozy house in Henniker ,NH",Entire holiday home,Henniker,7.7,Good,1,624,0,43.179645,-71.822433,New Hampshire,United States,03242,us
Romantic Getaway - 2 BR Condo At Sugar Top Mountain With Mountain Views! condo,Entire apartment,Sugar Mountain,8.5,Very good,1,401,0,44.2703396,-74.9599167,New York,United States,,us
Surfside 119,Entire apartment,Corpus Christi,,Exceptional,4,370,0,27.7635302,-97.4033191,Texas,United States,78404,us
Pathway to the Sea C202,Entire apartment,Corpus Christi,8.8,Fabulous,3,484,0,27.7635302,-97.4033191,Texas,United States,78404,us
Base Village Ski In-Out Luxury Condo #4375 Huge Hot Tub & Great Views - FREE Activities & Equipment Rentals Daily,Entire holiday home,Winter Park,7.0,Good,3,393,0,28.5977707,-81.3510264,Florida,United States,32789,us
Twin Bear,Entire holiday home,Sugarloaf,,Exceptional,3,496,0,-36.17525415,175.1122321367032,Auckland,New Zealand/Aotearoa,0991,nz
Seaside Cottage Close to The Beach,Entire apartment,Gulf Shores,9.7,Exceptional,4,249,0,30.2711224,-87.6893826,Alabama,United States,36542,us
Luxury Pet Friendly Home In Houston Near All Downtown Attractions - 2707B,Entire apartment,Houston,8.5,Very good,3,419,0,29.7589382,-95.3676974,Texas,United States,77002,us
Pleasant Hollow cabin,Entire holiday home,Pigeon Forge,8.0,Very good,3,339,0,35.7884241,-83.5543329,Tennessee,United States,37863,us
Colony Club F3 condo,Entire apartment,Gulf Shores,8.0,Very good,2,152,0,30.2711224,-87.6893826,Alabama,United States,36542,us
Memory Maker Cabin,Entire holiday home,Sugarloaf,9.7,Exceptional,3,527,0,-36.17525415,175.1122321367032,Auckland,New Zealand/Aotearoa,0991,nz
Natural Bridge State Resort Park,2 entire holiday home,Slade,8.1,Very good,2,356,0,51.1944104,-4.1319121,England,United Kingdom,EX34 8LH,gb
Lakefront Lago Vista Condo with Resort Amenities,Entire apartment,Lago Vista,7.4,Good,4,255,0,30.4601975,-97.9883477,Texas,United States,78645,us
Ariel Dunes by TS,Entire apartment,"Miramar Beach, Destin",,Exceptional,3,1487,0,30.3776819,-86.3415734,Florida,United States,32550,us
Little Bear-1079 by Big Bear Vacations,Entire holiday home,Big Bear Lake,8.0,Very good,2,251,0,34.2440587,-116.91018,California,United States,92315,us
Private Golden Fox Cabin,Entire holiday home,Gatlinburg,9.0,Superb,1,383,0,35.714259,-83.5101638,Tennessee,United States,37738,us
EcoModMtn Stunning Mountain Views,Entire holiday home,Young Harris,,Exceptional,2,513,0,34.9331453,-83.8471223,Georgia,United States,30582,us
SeaCrest 514 condo,Entire apartment,Fort Walton Beach,9.0,Superb,3,331,0,30.4057552,-86.618842,Florida,United States,32548,us
River Place on the Clinch,Entire bungalow,Kyles Ford,8.7,Fabulous,4,555,0,36.5700701,-83.0418742,Tennessee,United States,37765,us
Massanutten's Woodstone Meadows by TripForth,Entire apartment,McGaheysville,8.5,Very good,4,236,0,38.3712399,-78.7322449,Virginia,United States,22840,us
Village by the Beach B919K,Entire vill,Corpus Christi,9.0,Superb,1,819,0,27.7635302,-97.4033191,Texas,United States,78404,us
City View & Poolview Apartment with full kitchen apts,Entire apartment,Houston,8.0,Very good,3,169,0,29.7589382,-95.3676974,Texas,United States,77002,us
Bay Colony- Unit 764 - Lower,Entire apartment,Nisswa,,Exceptional,4,412,0,46.5205224,-94.288609,Minnesota,United States,56468,us
Lakes of the North Home on Snowmobile and ATV Trail!,Entire holiday home,Mancelona,,Exceptional,2,277,0,44.902229,-85.060885,Michigan,United States,,us
Cabin #2 - M Den cabin,Entire holiday home,Carp Lake,9.0,Superb,3,309,0,45.697234,-84.750049,Michigan,United States,49718,us
Smoky Mountain Moondance,Entire holiday home,Bryson City,9.7,Exceptional,1,0,0,35.4309291,-83.447381,North Carolina,United States,28713,us
Jay Peak Village Homes,Entire apartment,Jay,9.0,Superb,5,0,0,40.4370864,-85.0212356,Indiana,United States,47371,us
Mimi's Cabin,Entire chalet,Squaw Valley,8.0,Very good,2,0,0,36.7402261,-119.246785,California,United States,93675,us
Unplugged Mountain Retreat,Entire holiday home,Ellijay,8.5,Very good,3,0,0,34.6950278,-84.4827394,Georgia,United States,30540,us
Pioneer Condominiums,Entire apartment,Bogus Basin,7.0,Good,5,0,0,39.292953,-120.375802,California,United States,95728,us
Luxury Holistic Oasis by Bayshore/Hyde Park/SoHo,Entire holiday home,Tampa,,Exceptional,2,0,0,27.9477595,-82.458444,Florida,United States,,us
Cora Lee Gulfview by Padre Getaways,Entire apartment,South Padre Island,9.2,Superb,3,0,408,26.1036887,-97.1646938,Texas,United States,78597,us
"Crown Point Owners Association, a VRI resort",Entire apartment,Ruidoso,9.0,Superb,4,0,246,33.3315804,-105.6730991,New Mexico,United States,88345,us
Hungry Horse Cabin with Patio and Fire Pit-Near Glacier,Entire holiday home,Hungry Horse,7.5,Good,2,0,0,48.382564,-114.05596460903769,Montana,United States,59926,us
StackRock Cabin in Blue Ridge Mountains,Entire holiday home,Ellijay,9.7,Exceptional,3,0,0,34.6950278,-84.4827394,Georgia,United States,30540,us
Gorgeous Oceanfront villa with Panoramic views!!!,Entire apartment,Avalon,9.2,Superb,3,0,0,33.34221,-118.3272612,California,United States,90704,us
Skyleaf,Entire apartment,Sugar Mountain,7.9,Good,3,0,0,44.2703396,-74.9599167,New York,United States,,us
La Playita & Flip Flop Fun,Entire apartment,St. George Island,8.9,Fabulous,1,0,0,56.573651,-169.5836273671079,Alaska,United States,99591,us
Hale Lilly Condo,Entire apartment,Kahuku,9.0,Superb,2,0,0,21.6844495,-157.9416673099028,Hawaii,United States,96731,us
Ariel Dunes I,Entire apartment,"Miramar Beach, Destin",8.6,Fabulous,4,0,0,30.3776819,-86.3415734,Florida,United States,32550,us
Grande Caribbean,Entire apartment,Orange Beach,8.2,Very good,3,0,0,30.282839799999998,-87.62460710389821,Alabama,United States,36561,us
Bird Song Cottage,Entire holiday home,Waynesville,7.9,Good,2,0,0,35.4887476,-82.9888725,North Carolina,United States,28786,us
The Landmark Orcas Island,Entire apartment,Eastsound,8.8,Fabulous,2,0,0,48.696771,-122.9054625,Washington,United States,98245,us
Sugar Top Condos II,Entire apartment,Sugar Mountain,9.1,Superb,2,0,0,44.2703396,-74.9599167,New York,United States,,us
Moonridge Cottage-1817 by Big Bear Vacations,Entire holiday home,Big Bear Lake,8.0,Very good,2,0,0,34.2440587,-116.91018,California,United States,92315,us
Vivid Escape in Gulf Shores - Walk to the Beach!,Entire apartment,Gulf Shores,8.0,Very good,3,0,0,30.2711224,-87.6893826,Alabama,United States,36542,us
The Summit at Massanutten Resort by TripForth,Entire apartment,McGaheysville,8.6,Fabulous,4,0,0,38.3712399,-78.7322449,Virginia,United States,22840,us
The Palace at Kingston East,Entire apartment,Rexburg,9.9,Exceptional,2,0,0,43.8235163,-111.787022,Idaho,United States,83440,us
Two-Bedroom Condo at Streamside Lane,Entire apartment,Frisco,8.1,Very good,3,0,0,33.1506744,-96.8236116,Texas,United States,75034,us
Island North 14C - 2nd row stunner! Relax in comfort after your days in the sun condo,Entire apartment,Carolina Beach,7.0,Good,1,0,0,34.0351727,-77.8935966,North Carolina,United States,28428,us
El Constante 208,Entire apartment,Corpus Christi,8.6,Fabulous,2,0,0,27.7635302,-97.4033191,Texas,United States,78404,us
Island House,Entire apartment,Englewood,8.6,Fabulous,3,0,0,39.6482059,-104.9879641,Colorado,United States,80110,us
Peace of Paradise home,Entire holiday home,Townsend,,Exceptional,2,0,0,35.6753657,-83.7557282,Tennessee,United States,37882,us
Jumpin' Jack Frost,Entire holiday home,Lake Harmony,9.0,Superb,4,0,0,41.0605209,-75.5916339,Pennsylvania,United States,18624,us
Pinnacle,Entire apartment,Beech Mountain,7.1,Good,4,0,0,36.2090865,-81.8817963798302,North Carolina,United States,28604,us
Live Oak Landing,2 entire bungalow,Freeport,9.1,Superb,2,0,0,42.2966861,-89.6212271,Illinois,United States,61032,us
River Romance,Entire holiday home,Sylva,8.1,Very good,3,0,0,35.3737111,-83.2259803,North Carolina,United States,28779,us
Fairway Golf Condo Close to Beach and Shopping condo,Entire apartment,Calabash,7.9,Good,4,0,0,33.8907278,-78.5683446,North Carolina,United States,28467,us
Luxury Holistic Oasis by Bayshore/Hyde Park/SoHo,Entire holiday home,Tampa,,Exceptional,2,991,0,27.9477595,-82.458444,Florida,United States,,us
Cora Lee Gulfview by Padre Getaways,Entire apartment,South Padre Island,9.2,Superb,3,238,0,26.1036887,-97.1646938,Texas,United States,78597,us
"Crown Point Owners Association, a VRI resort",Entire apartment,Ruidoso,9.0,Superb,4,337,0,33.3315804,-105.6730991,New Mexico,United States,88345,us
Hungry Horse Cabin with Patio and Fire Pit-Near Glacier,Entire holiday home,Hungry Horse,7.5,Good,2,315,0,48.382564,-114.05596460903769,Montana,United States,59926,us
StackRock Cabin in Blue Ridge Mountains,Entire holiday home,Ellijay,9.7,Exceptional,3,515,0,34.6950278,-84.4827394,Georgia,United States,30540,us
Gorgeous Oceanfront villa with Panoramic views!!!,Entire apartment,Avalon,9.2,Superb,3,896,0,33.34221,-118.3272612,California,United States,90704,us
Skyleaf,Entire apartment,Sugar Mountain,7.9,Good,3,178,0,44.2703396,-74.9599167,New York,United States,,us
La Playita & Flip Flop Fun,Entire apartment,St. George Island,8.9,Fabulous,1,168,0,56.573651,-169.5836273671079,Alaska,United States,99591,us
Hale Lilly Condo,Entire apartment,Kahuku,9.0,Superb,2,989,0,21.6844495,-157.9416673099028,Hawaii,United States,96731,us
Ariel Dunes I,Entire apartment,"Miramar Beach, Destin",8.6,Fabulous,4,113,0,30.3776819,-86.3415734,Florida,United States,32550,us
Grande Caribbean,Entire apartment,Orange Beach,8.2,Very good,3,100,0,30.282839799999998,-87.62460710389821,Alabama,United States,36561,us
Bird Song Cottage,Entire holiday home,Waynesville,7.9,Good,2,182,0,35.4887476,-82.9888725,North Carolina,United States,28786,us
Club Ocean Villas II 182 condo,Entire apartment,"North Ocean City, Ocean City",,Exceptional,1,334,0,38.430173100000005,-75.05890232007498,Maryland,United States,21842,us
Charming Myrtle Beach Resort Condo - 2 Mi to Ocean,Entire apartment,Myrtle Beach,9.0,Superb,2,162,0,33.6956461,-78.8900409,South Carolina,United States,29577,us
Snowblaze Condos Building C unit 24,Entire apartment,Winter Park,7.0,Good,2,476,0,28.5977707,-81.3510264,Florida,United States,32789,us
Restful Retreat,Entire holiday home,Duck Key,9.0,Superb,1,260,0,24.778716000000003,-80.91390183832715,Florida,United States,,us
Fiddlers Cove III,Entire holiday home,Hilton Head Island,9.6,Exceptional,2,128,0,32.1618488,-80.7512616,South Carolina,United States,29928,us
The Retreat at Angel Fire,Private suite,Angel Fire,9.4,Superb,3,212,0,36.3930879,-105.2850091,New Mexico,United States,87710,us
Grande Caribbean,Entire apartment,Orange Beach,8.2,Very good,3,100,278,30.282839799999998,-87.62460710389821,Alabama,United States,36561,us
Pelican Beach Resort II,Entire apartment,Destin,8.0,Very good,4,113,427,30.3935337,-86.4957834,Florida,United States,32540,us
76GS - Genuine Log Cabin - WiFi - Pets Ok - Sleeps 4 home,Entire holiday home,Glacier,9.0,Superb,1,476,126,48.6966449,-112.9467116,Montana,United States,,us
BlueSky Breckenridge,Entire apartment,"Four O'Clock, Breckenridge",9.2,Superb,3,290,126,39.4788593,-106.0543671,Colorado,United States,80424,us
Massanutten Resort by TripForth,Entire apartment,McGaheysville,7.8,Good,1,255,654,38.3712399,-78.7322449,Virginia,United States,22840,us
The Westin Cape Coral Resort at Marina Village,2 private suite,Cape Coral,8.8,Fabulous,4,2098,561,26.6059432,-81.9806771,Florida,United States,33914,us
Rustic-Chic Overgaard Condo with Fishing Pond!,Entire apartment,Overgaard,,Exceptional,2,192,0,34.3908717,-110.5531791,Arizona,United States,85933,us
Wicked Wahine Condo,Entire apartment,Kahuku,9.0,Superb,5,1099,872,21.6844495,-157.9416673099028,Hawaii,United States,96731,us
Mahina Surf II,Entire apartment,Kahana,8.5,Very good,4,411,156,21.5543942,-157.8734051,Hawaii,United States,96730,us
Hale Kai O Kihei,Private suite,Kihei,8.4,Very good,2,383,366,20.763395,-156.44639965521395,Hawaii,United States,96753,us
Fireside Cottage,Entire chalet,Duck Creek Village,9.4,Superb,3,0,0,37.523591,-112.662992,Utah,United States,84762,us
The Outpost at Folly Beach,Entire holiday home,Folly Beach,9.5,Exceptional,5,0,0,32.6549967,-79.9406093,South Carolina,United States,29439,us
Hidden Dunes,Entire apartment,"Miramar Beach, Destin",7.8,Good,4,0,0,30.3776819,-86.3415734,Florida,United States,32550,us
Village by the Beach P907K,Entire vill,Corpus Christi,8.0,Very good,0,0,0,27.7635302,-97.4033191,Texas,United States,78404,us
Waterfront Property w access to the Weeki Wachee River & Gulf of Mexico - Pet Friendly!,Entire holiday home,Spring Hill,,Exceptional,3,0,0,41.4117626,-93.6479872,Iowa,United States,50125,us
The Cliffside Resort Condominiums,Entire bungalow,Greenport,8.5,Very good,4,0,0,41.1034234,-72.3592777,New York,United States,11944,us
Pet-Friendly Condo Walk to Beech Mtn Resort!,Entire apartment,Beech Mountain,9.2,Superb,2,0,0,36.2090865,-81.8817963798302,North Carolina,United States,28604,us
Glades View Condos,Entire apartment,Gatlinburg,8.2,Very good,3,0,0,35.714259,-83.5101638,Tennessee,United States,37738,us
2019 Lodgepole Condo,Entire apartment,"West Keystone, Keystone",,Exceptional,4,0,0,39.60193325,-105.9827933332479,Colorado,United States,80435,us
The Don Hoel Resort & Venue,Private suite,Sedona,8.9,Fabulous,2,0,0,34.8629426,-111.8137097,Arizona,United States,86336,us
Fishing Paradise with Deck and Dock on Suwannee River,Entire holiday home,Branford,8.1,Very good,3,0,0,41.2795414,-72.8150989,Connecticut,United States,06405,us
Cozy and Charming Cottage in Livingston Manor,Entire holiday home,Livingston Manor,9.0,Superb,2,0,0,41.9003667,-74.8282167,New York,United States,12758,us
EagleRidge Lodge 201 condo,Entire apartment,Steamboat Springs,7.0,Good,1,0,0,40.4848003,-106.8317359,Colorado,United States,80487,us
Hilton Head Resort,Entire apartment,Hilton Head Island,7.6,Good,3,0,0,32.1618488,-80.7512616,South Carolina,United States,29928,us
Sunny Southwest Cottage,Entire holiday home,Mancos,9.5,Exceptional,5,0,0,37.3440947,-108.2925568,Colorado,United States,,us
Lei Lana Condos,Entire apartment,Orange Beach,8.3,Very good,3,0,0,30.282839799999998,-87.62460710389821,Alabama,United States,36561,us
Tahoe Summit Village,Entire apartment,Stateline,8.4,Very good,4,0,0,38.9667745,-119.94427458159146,Nevada,United States,89449,us
Sterling Shores V,Entire apartment,Destin,8.6,Fabulous,4,0,0,30.3935337,-86.4957834,Florida,United States,32540,us
Baywatch,Entire apartment,Pensacola Beach,7.7,Good,3,0,0,30.3342348,-87.1350979,Florida,United States,32561,us
South River Residences,Entire apartment,"Lo-Do, Denver",7.8,Good,3,0,0,35.5312452,-81.0297994,North Carolina,United States,28037,us
Boho hip bungalow in Old Bisbee,Entire holiday home,Bisbee,9.0,Superb,2,0,0,31.4481547,-109.928408,Arizona,United States,85603,us
SeaCrest 707 condo,Entire apartment,Fort Walton Beach,9.0,Superb,3,0,0,30.4057552,-86.618842,Florida,United States,32548,us
Surf Side Shores 1405 Condo,Entire apartment,Gulf Shores,9.0,Superb,3,0,0,30.2711224,-87.6893826,Alabama,United States,36542,us
Seahorse Condos,Entire apartment,Padre Island,8.7,Fabulous,3,0,0,26.8445017,-97.3677593,Texas,United States,,us
Chamonix,Entire holiday home,Snowmass Village,8.8,Fabulous,4,0,0,39.2130418,-106.9378207,Colorado,United States,81615,us
Mount Neota 33 Condo,Entire apartment,Estes Park,,Exceptional,3,0,0,40.369766,-105.54968963482818,Colorado,United States,80517,us
"Relax in The Rockies Located on Lake Estes, Jacuzzi and Indoor Outdoor Fireplace",Entire holiday home,Estes Park,9.0,Superb,4,0,0,40.369766,-105.54968963482818,Colorado,United States,80517,us
Coastal Condo with Pool Access - Walk to Apache Pier,Entire holiday home,Myrtle Beach,,Exceptional,2,0,0,33.6956461,-78.8900409,South Carolina,United States,29577,us
Circle J Club at Jeremy Ranch,Private suite,Park City,8.5,Very good,4,0,0,40.6460921,-111.4979963,Utah,United States,84060,us
Lake Texoma Cabin - 1 Mi to Park and Boat Ramp,Entire holiday home,Willow Spring,9.0,Superb,2,0,0,34.6700217,-112.863239,Arizona,United States,,us
Vacation house in lake Isabella town,Entire holiday home,Lake Isabella,8.0,Very good,1,0,0,35.6132276,-118.4777199,California,United States,93240,us
Crystal Shores 1403 Condo,Entire apartment,Gulf Shores,,Exceptional,2,0,0,30.2711224,-87.6893826,Alabama,United States,36542,us
Sunset Breeze #4,Entire holiday home,Dauphin Island,7.0,Good,5,0,0,30.2542022,-88.1124817,Alabama,United States,36528,us
Updated Packwood Cabin - 22 Miles to White Pass!,Entire holiday home,Packwood,9.4,Superb,2,0,0,41.1328058,-92.0847853,Iowa,United States,52580,us
ARTSY FLORIDIAN HOME a hidden gem a plain sight!,Entire apartment,North Miami Beach,,Exceptional,3,0,0,25.9331488,-80.1625463,Florida,United States,33162,us
Ocean Reef Condos,Entire apartment,Gulf Shores,8.2,Very good,5,0,0,30.2711224,-87.6893826,Alabama,United States,36542,us
Sand Dollar 14 Condo,Entire apartment,Gulf Shores,,Exceptional,2,0,0,30.2711224,-87.6893826,Alabama,United States,36542,us
Sterling Reef,Entire apartment,Panama City Beach,8.1,Very good,3,0,0,30.1765914,-85.805386,Florida,United States,32408,us
The Beach Club Resort and Spa II,Entire apartment,Gulf Shores,8.6,Fabulous,3,0,0,30.2711224,-87.6893826,Alabama,United States,36542,us
7 Merrimeeting Chalet,Entire holiday home,Conway,8.7,Fabulous,2,301,0,35.2521996,-92.6888936,Arkansas,United States,72156,us
Legends and Masters Iron Suite,Entire apartment,Pinehurst,9.5,Exceptional,3,200,0,30.1071543,-93.7746117,Texas,United States,77630,us
!NEW! House Rainbow,Entire holiday home,Cape Coral,7.5,Good,5,390,0,26.6059432,-81.9806771,Florida,United States,33914,us
Huntington by the Sea,Entire apartment,"Miramar Beach, Destin",8.4,Very good,4,113,0,30.3776819,-86.3415734,Florida,United States,32550,us
The Laketown Wharf II,Entire apartment,Panama City Beach,7.3,Good,4,113,0,30.1765914,-85.805386,Florida,United States,32408,us
Queens Grant,Entire holiday home,Hilton Head Island,7.8,Good,3,126,0,32.1618488,-80.7512616,South Carolina,United States,29928,us
Jade East Condominiums,Private suite,Destin,8.0,Very good,4,161,0,30.3935337,-86.4957834,Florida,United States,32540,us
Granby Condo with In-Unit Hot Tub and Mtn Views!,Entire apartment,Granby,,Exceptional,5,208,0,45.3990409,-72.721834,Québec,Canada,J2G 2V2,ca
Michaels Surfside Cabanas,Entire apartment,Clearwater Beach,9.0,Superb,2,278,0,27.9774736,-82.8279313,Florida,United States,33767,us
"Beautiful Views! Jacuzzi, Indoor Outdoor Fireplace, Steps to Lake Estes",Entire holiday home,Estes Park,9.0,Superb,4,1053,0,40.369766,-105.54968963482818,Colorado,United States,80517,us
Village by the Gulf,Private suite,Gulf Shores,8.3,Very good,4,119,0,30.2711224,-87.6893826,Alabama,United States,36542,us
"Mermaid House Bar,Sea-Deck,30' GLASS WALL,HOT TUB, E-BIKE",Entire holiday home,Onset,,Exceptional,5,731,0,41.7417714,-70.6578104,Massachusetts,United States,02538,us
Anna Maria Island Inn,Entire apartment,Bradenton Beach,8.0,Very good,4,1485,0,27.4682554,-82.6995822,Florida,United States,34217,us
Beach House V,Entire apartment,"Miramar Beach, Destin",8.3,Very good,4,126,0,30.3776819,-86.3415734,Florida,United States,32550,us
Riverbend Lodge,Entire apartment,"Four O'Clock, Breckenridge",7.6,Good,4,330,0,39.4788593,-106.0543671,Colorado,United States,80424,us
Shores of Panama III,Entire apartment,Panama City Beach,7.4,Good,4,126,0,30.1765914,-85.805386,Florida,United States,32408,us
Hololani Resort,Entire apartment,Kahana,8.5,Very good,4,402,0,21.5543942,-157.8734051,Hawaii,United States,96730,us
Giant Steps 63 ski in/out,Entire apartment,Brian Head,,Exceptional,5,307,0,37.6927551,-112.8507766,Utah,United States,84719,us
Pershing Heights 200,Entire apartment,New Kensington,9.7,Exceptional,2,212,0,40.5697893,-79.7647705,Pennsylvania,United States,15068,us
Osprey Bay,Entire holiday home,Lake Murray Shores,,Exceptional,6,135,0,34.074864,-81.4842699,South Carolina,United States,29070,us
Gnoming Around,Entire chalet,Gatlinburg,9.6,Exceptional,2,573,0,35.714259,-83.5101638,Tennessee,United States,37738,us
Pines 2047,Entire holiday home,"West Keystone, Keystone",9.5,Exceptional,4,191,0,39.60193325,-105.9827933332479,Colorado,United States,80435,us
"The Full Moon, Joshua Tree: Hot Tub, Sauna, Views",Entire holiday home,Joshua Tree,9.7,Exceptional,2,558,0,34.1265262,-116.32093491214893,California,United States,92252,us
A Place At The Beach V,Entire apartment,Atlantic Beach,8.0,Very good,2,110,0,40.5886547,-73.7288791,New York,United States,11509,us
WaterCrest Condos,Entire apartment,Panama City Beach,8.3,Very good,3,126,0,30.1765914,-85.805386,Florida,United States,32408,us
"Lake Estes Getaway Close to Downtown, Indoor Outdoor Fireplace and Jacuzzi",Entire holiday home,Estes Park,8.0,Very good,4,971,0,40.369766,-105.54968963482818,Colorado,United States,80517,us
"Chic Retreat Indoor Outdoor Fireplace, Private Jacuzzi, Great Location!",Entire holiday home,Estes Park,,Exceptional,4,971,0,40.369766,-105.54968963482818,Colorado,United States,80517,us
Costa Crinks at Aransas Princess,Entire apartment,Port Aransas,9.0,Superb,4,350,0,27.8332175,-97.0618324,Texas,United States,78373,us
The Lodge at Steamboat by Vacasa,Entire apartment,Steamboat Springs,8.8,Fabulous,5,291,0,40.4848003,-106.8317359,Colorado,United States,80487,us
The Beach is Only Steps Away (F2) BEACHFRONT - Sleeps 8,Entire apartment,Gulf Shores,9.1,Superb,2,249,0,30.2711224,-87.6893826,Alabama,United States,36542,us
Channel Island Shores,Private suite,Oxnard,9.2,Superb,3,401,0,34.1976308,-119.1803818,California,United States,93030,us
Baltyr Cabin,Entire chalet,Miramonte,8.9,Fabulous,4,314,0,36.6924476,-119.0523321,California,United States,93641,us
Rustic Bradford Cottage - 14 Miles to Sunapee Mtn!,Entire holiday home,Bradford,8.0,Very good,3,210,0,53.7944229,-1.7519186,England,United Kingdom,BD1 1LH,gb
River Stone Resorts,Entire apartment,Estes Park,9.3,Superb,3,394,0,40.369766,-105.54968963482818,Colorado,United States,80517,us
Beach Retreat,Entire apartment,"Downtown Myrtle Beach, Myrtle Beach",7.2,Good,3,128,0,33.6945202,-78.8835706,South Carolina,United States,,us
Sterling Breeze 4,Entire apartment,Panama City Beach,8.6,Fabulous,4,113,0,30.1765914,-85.805386,Florida,United States,32408,us
Leinemann Ski Haus,Entire holiday home,McHenry,8.5,Very good,5,226,0,42.3294391,-88.4605713,Illinois,United States,60098,us
Beach House I,Entire apartment,"Miramar Beach, Destin",8.0,Very good,4,126,0,30.3776819,-86.3415734,Florida,United States,32550,us
Regency Isle,Entire apartment,Orange Beach,8.3,Very good,3,126,0,30.282839799999998,-87.62460710389821,Alabama,United States,36561,us
Appletree,Entire holiday home,Newland,,Exceptional,3,140,0,52.1371794,-2.2994291,England,United Kingdom,WR13 5AY,gb
"The Full Moon, Joshua Tree: Hot Tub, Sauna, Views",Entire holiday home,Joshua Tree,9.7,Exceptional,2,0,0,34.1265262,-116.32093491214893,California,United States,92252,us
A Place At The Beach V,Entire apartment,Atlantic Beach,8.0,Very good,2,0,0,40.5886547,-73.7288791,New York,United States,11509,us
WaterCrest Condos,Entire apartment,Panama City Beach,8.3,Very good,3,0,0,30.1765914,-85.805386,Florida,United States,32408,us
"Lake Estes Getaway Close to Downtown, Indoor Outdoor Fireplace and Jacuzzi",Entire holiday home,Estes Park,8.0,Very good,4,0,0,40.369766,-105.54968963482818,Colorado,United States,80517,us
"Chic Retreat Indoor Outdoor Fireplace, Private Jacuzzi, Great Location!",Entire holiday home,Estes Park,,Exceptional,4,0,0,40.369766,-105.54968963482818,Colorado,United States,80517,us
Costa Crinks at Aransas Princess,Entire apartment,Port Aransas,9.0,Superb,4,0,0,27.8332175,-97.0618324,Texas,United States,78373,us
The Lodge at Steamboat by Vacasa,Entire apartment,Steamboat Springs,8.8,Fabulous,5,0,0,40.4848003,-106.8317359,Colorado,United States,80487,us
The Beach is Only Steps Away (F2) BEACHFRONT - Sleeps 8,Entire apartment,Gulf Shores,9.1,Superb,2,0,0,30.2711224,-87.6893826,Alabama,United States,36542,us
Channel Island Shores,Private suite,Oxnard,9.2,Superb,3,0,0,34.1976308,-119.1803818,California,United States,93030,us
Baltyr Cabin,Entire chalet,Miramonte,8.9,Fabulous,4,0,0,36.6924476,-119.0523321,California,United States,93641,us
Rustic Bradford Cottage - 14 Miles to Sunapee Mtn!,Entire holiday home,Bradford,8.0,Very good,3,0,0,53.7944229,-1.7519186,England,United Kingdom,BD1 1LH,gb
River Stone Resorts,Entire apartment,Estes Park,9.3,Superb,3,0,0,40.369766,-105.54968963482818,Colorado,United States,80517,us
Beach Retreat,Entire apartment,"Downtown Myrtle Beach, Myrtle Beach",7.2,Good,3,0,0,33.6945202,-78.8835706,South Carolina,United States,,us
Sterling Breeze 4,Entire apartment,Panama City Beach,8.6,Fabulous,4,0,0,30.1765914,-85.805386,Florida,United States,32408,us
Leinemann Ski Haus,Entire holiday home,McHenry,8.5,Very good,5,0,0,42.3294391,-88.4605713,Illinois,United States,60098,us
Beach House I,Entire apartment,"Miramar Beach, Destin",8.0,Very good,4,0,0,30.3776819,-86.3415734,Florida,United States,32550,us
Regency Isle,Entire apartment,Orange Beach,8.3,Very good,3,0,0,30.282839799999998,-87.62460710389821,Alabama,United States,36561,us
Appletree,Entire holiday home,Newland,,Exceptional,3,0,0,52.1371794,-2.2994291,England,United Kingdom,WR13 5AY,gb
Stylish Hollywood Hills Home with Million Dollar Views Waiting for You!,Entire holiday home,"Studio City, Los Angeles",8.4,Very good,4,0,0,34.1483989,-118.3961877,California,United States,91604,us
2BR Sleeps 4 Mountain Views Indoor Pool,Entire apartment,Beech Mountain,9.7,Exceptional,3,0,0,36.2090865,-81.8817963798302,North Carolina,United States,28604,us
Oceanfront White Stone Cottage with Private Beach!,Entire holiday home,White Stone,7.7,Good,5,0,0,37.6484751,-76.3891188,Virginia,United States,22578,us
NorthStar 11,Entire apartment,Steamboat Springs,8.5,Very good,4,214,236,40.4848003,-106.8317359,Colorado,United States,80487,us
Gulf Place Cabanas,Entire apartment,Santa Rosa Beach,8.4,Very good,3,199,378,30.3466423,-86.2307992,Florida,United States,32459,us
Winter Point 22,Entire holiday home,"Four O'Clock, Breckenridge",,Exceptional,4,308,245,39.4788593,-106.0543671,Colorado,United States,80424,us
Mountain Roots Lodging,Entire apartment,Big Meadows,8.7,Fabulous,1,426,0,38.5265132,-78.4397292,Virginia,United States,,us
Woodard Cabin,Entire chalet,Cullowhee,8.0,Very good,1,307,342,35.3137739,-83.1765814,North Carolina,United States,28723,us
Laketown Wharf IV,Entire apartment,Panama City Beach,7.5,Good,4,113,334,30.1765914,-85.805386,Florida,United States,32408,us
Cabin Less Than 20 Mi From Caberfae Peaks Ski Resort!,Entire holiday home,Wellston,,Exceptional,2,192,0,38.6728292,-90.2992808,Missouri,United States,63133,us
La Santorini del Sur,Entire apartment,South Padre Island,7.9,Good,5,228,272,26.1036887,-97.1646938,Texas,United States,78597,us
Maui Kamaole,Entire apartment,Wailea,8.7,Fabulous,2,374,206,20.6871749,-156.4390415,Hawaii,United States,,us
Woodbridge Condo by Snowmass Vacations,Entire apartment,Snowmass Village,8.0,Very good,4,557,417,39.2130418,-106.9378207,Colorado,United States,81615,us
Sky Valley Resort Condo with Community Pool!,Entire holiday home,Sky Valley,8.0,Very good,4,196,223,33.890015,-116.3525097,California,United States,92241,us
Timberwinds,Entire holiday home,Townsend,8.3,Very good,2,323,244,35.6753657,-83.7557282,Tennessee,United States,37882,us
Ocean Villa,Entire apartment,Panama City Beach,8.2,Very good,3,126,200,30.1765914,-85.805386,Florida,United States,32408,us
Wild Irishman 1043,Entire holiday home,"West Keystone, Keystone",9.0,Superb,4,212,0,39.60193325,-105.9827933332479,Colorado,United States,80435,us
Redfish Village Condos,Entire apartment,Santa Rosa Beach,8.8,Fabulous,3,113,0,30.3466423,-86.2307992,Florida,United States,32459,us
Tidewater Beach Resort VIII,Entire apartment,Panama City Beach,8.0,Very good,4,80,155,30.1765914,-85.805386,Florida,United States,32408,us
"Stroll to Slopes, Village Area, Ski in-out MtLodge 304",Entire apartment,Snowshoe,7.9,Good,4,296,0,38.4128243,-79.9964421,West Virginia,United States,26209,us
Campton Retreat with Mtn Views about 3 Mi to Skiing,Entire holiday home,Campton,9.3,Superb,2,303,331,37.7342526,-83.547409,Kentucky,United States,41301,us
Beach Cabin Getaway,Entire holiday home,Rockaway Beach,8.5,Very good,4,126,128,45.613598,-123.943147,Oregon,United States,97136,us
Serene **Uptown** 2BR/2BA Apartment,Entire apartment,"Downtown Charlotte, Charlotte",9.7,Exceptional,4,357,0,45.1925779,-67.2776251,New Brunswick / Nouveau-Brunswick,Canada,E3L 1G4,ca
TWO BEDROOM HOUSE WITH FREE PARKING,Entire apartment,Lorain,8.0,Very good,1,186,238,41.4673238,-82.1781904,Ohio,United States,44052,us
Hilton Head Resort,Entire holiday home,Hilton Head Island,9.2,Superb,4,282,0,32.1618488,-80.7512616,South Carolina,United States,29928,us
Peaceful Providence Guesthouse,Entire holiday home,Luckenbach,7.6,Good,2,194,253,50.7041081,7.8336938,Rheinland-Pfalz,Deutschland,57629,de
Kenzie’s Klubhouse,Entire holiday home,"East End, Galveston",8.8,Fabulous,6,223,0,29.3046766,-94.7882922,Texas,United States,77550,us
Bear Paw Suites,Entire apartment,Estes Park,9.6,Exceptional,3,394,0,40.369766,-105.54968963482818,Colorado,United States,80517,us
Crystal Tower Condominiums,Entire apartment,Gulf Shores,8.3,Very good,3,126,0,30.2711224,-87.6893826,Alabama,United States,36542,us
Majestic Beach Resort,Entire apartment,Panama City Beach,7.8,Good,4,126,0,30.1765914,-85.805386,Florida,United States,32408,us
La Vista Blanc,Entire holiday home,Mammoth Lakes,9.2,Superb,2,250,0,37.6432525,-118.9668509,California,United States,93546,us
Island Beach & Racquet Club II,Entire apartment,Atlantic Beach,8.3,Very good,1,128,0,40.5886547,-73.7288791,New York,United States,11509,us
"2nd level duplex, Downtown Houston near Toyota Center, Smoking allowed on Balcony!",Entire apartment,Houston,8.6,Fabulous,3,128,0,29.7589382,-95.3676974,Texas,United States,77002,us
Sonder The Edison,Private suite,"Philadelphia City Center, Philadelphia",8.3,Very good,3,1200,0,39.9525541,-75.15202163851058,Pennsylvania,United States,19106,us
Stutzhaven In The Mountains Home,Entire holiday home,Estes Park,7.0,Good,3,400,0,40.369766,-105.54968963482818,Colorado,United States,80517,us
Starry Night,Entire holiday home,Whittier,8.7,Fabulous,2,261,0,33.9708782,-118.030839,California,United States,90602,us
Stone Fence Resort,2 entire apartment,Ogdensburg,7.6,Good,2,674,0,44.694285,-75.486374,New York,United States,13669,us
New Claim Traveler,Entire apartment,Park City,7.7,Good,2,126,0,40.6460921,-111.4979963,Utah,United States,84060,us
Susitna Suites,Entire apartment,Wasilla,9.4,Superb,2,234,0,61.5824216,-149.442563,Alaska,United States,99654,us
Fiddlers Cove,Entire apartment,Hilton Head Island,8.3,Very good,4,126,268,32.1618488,-80.7512616,South Carolina,United States,29928,us
Klonteska Condominiums By VCI Real Estate Services,Entire apartment,Beech Mountain,8.9,Fabulous,4,480,177,36.2090865,-81.8817963798302,North Carolina,United States,28604,us
Park Pointe Condominiums,Entire apartment,Chelan,7.4,Good,3,126,189,43.3448259,0.5440997,Occitanie,France,32140,fr
Ski & Sky,Entire apartment,Snowmass Village,7.6,Good,2,397,429,39.2130418,-106.9378207,Colorado,United States,81615,us
Snake River Roadhouse by KABINO,Private suite,Swan Valley,7.1,Good,2,210,191,43.456028,-111.341615,Idaho,United States,83449,us
Heavenly Mountain Hideaway by Lake Tahoe Accommodations,Entire apartment,South Lake Tahoe,9.0,Superb,3,238,191,38.9332411,-119.9843482,California,United States,96152,us
"Hudson Valley Farmhouse on 4 acres, pets allow",Entire chalet,Lagrangeville,9.0,Superb,3,277,248,41.650927,-73.7629088,New York,United States,12540,us
Turquoise Escape about 1 Mi to Sailfish Marina!,Entire apartment,West Palm Beach,,Exceptional,2,180,0,26.715364,-80.0532942,Florida,United States,33401,us
Point Breeze Guest House,Private suite,Pittsburgh,9.0,Superb,1,330,0,40.4416941,-79.9900861,Pennsylvania,United States,15219,us
Whispering Pines,Entire apartment,Pagosa Springs,9.3,Superb,3,251,310,37.2695661,-107.010816,Colorado,United States,88147,us
Sonder The Palace,Private suite,"Design District, Miami",7.7,Good,3,1525,182,25.81466,-80.1914321,Florida,United States,33137,us
Romar Beach Condos,Entire apartment,Gulf Shores,8.3,Very good,3,126,0,30.2711224,-87.6893826,Alabama,United States,36542,us
Hanalei Colony Resort I2 - Right on the beach and gorgeous inside!!,Entire apartment,Hanalei,9.0,Superb,2,789,279,22.2029937,-159.4956949,Hawaii,United States,96714,us
Summit Solitude & Latitude Adjustment,Entire apartment,Jay,8.5,Very good,4,152,310,40.4370864,-85.0212356,Indiana,United States,47371,us
Telluride Lodge 311 by AvantStay Close to Slopes Town,Entire holiday home,Telluride,7.0,Good,1,210,0,37.9374939,-107.812285,Colorado,United States,81435,us
