Name,Listing_type,Location,Rating,Host,Beds,DiscountedPrice,OriginalPrice,Latitude,Longitude,City,State,Country
The Barn,Entire chalet,Sevierville,8.7,Fabulous,2,0,361,35.8667112,-83.5620518,,Tennessee,United States
Crown Point Resort,2 entire apartment,Horseshoe Bend,9.2,Superb,2,0,238,36.2200685,-91.7474413,,Arkansas,United States
Fall River cozy apartment,Entire apartment,Fall River,7.9,Good,2,0,320,41.7010642,-71.1546367,Fall River,Massachusetts,United States
Renzzi Wynwood Apartments,Entire apartment,Miami,8.8,Fabulous,2,0,214,25.7741728,-80.19362,Miami,Florida,United States
Cozy Getaway at Lake O' the Pines,Entire holiday home,Ore City,9.5,Exceptional,2,0,388,32.8001354,-94.7207634,,Texas,United States
Moon River Suites #5,Entire holiday home,North Bend,9.6,Exceptional,4,0,266,47.4957757,-121.784889,,Washington,United States
"Rockaway Oceanview Retreat-Oceanviews,Steps to the beach & Downtown Rockaway, WiFi",Entire holiday home,Rockaway Beach,9.3,Superb,5,0,319,45.613598,-123.943147,,Oregon,United States
VHC Modern Apartments,Entire apartment,"South Beach, Miami Beach",8.1,Very good,4,0,343,25.7744291,-80.1332415,Miami Beach,Florida,United States
Dream 2 bedroom house with Canal View and Yard,Entire holiday home,North Miami,9.3,Superb,3,0,214,25.8900949,-80.1867138,,Florida,United States
Lake Hartwell Rental w/Dock,Entire holiday home,Fair Play,9.7,Exceptional,3,0,171,37.6300394,-93.5732585,,Missouri,United States
"Secluded Oasis w Hot Tub, Screened-in Porch, WiFi!",Entire vill,Berkeley Springs,8.7,Fabulous,2,0,0,39.6267975,-78.2279514,,West Virginia,United States
Zion Wildflower,2 entire bungalow,Virgin,9.2,Superb,2,0,304,37.201902,-113.1878542,,Utah,United States
Fairway Forest,2 private suite,Sapphire,8.4,Very good,2,0,0,41.0849899,29.005998304859514,,,Türkiye
Mountainside Villas at Massanutten by TripForth,Entire holiday home,McGaheysville,8.6,Fabulous,5,0,501,38.3712399,-78.7322449,,Virginia,United States
The Diamond Hideaway,Entire holiday home,Murfreesboro,9.3,Superb,4,0,0,35.8460396,-86.3921096,Murfreesboro,Tennessee,United States
Hilton Daytona Beach Resort,2 private suite,Daytona Beach,7.1,Good,2,0,339,29.2108147,-81.0228331,Daytona Beach,Florida,United States
The Club at New Seabury,Entire apartment,Mashpee,8.8,Fabulous,4,0,0,41.6484421,-70.4811383,,Massachusetts,United States
Litchfield Beach & Golf Resort,2 entire vill,Pawleys Island,7.5,Good,2,0,0,33.4293486,-79.1215912,,South Carolina,United States
Teton Valley Resort,2 private suite,Victor,8.9,Fabulous,2,0,0,41.7313887,-92.2979429,,Iowa,United States
Myrtlewood Condos,Entire vill,Myrtle Beach,7.6,Good,3,0,0,33.6956461,-78.8900409,Myrtle Beach,South Carolina,United States
La Isla South Padre Residences,Entire apartment,South Padre Island,8.5,Very good,3,0,0,26.1036887,-97.1646938,,Texas,United States
Aston At Poipu Kai,Private suite,"Poipu, Koloa",8.2,Very good,4,0,0,21.89046,-159.466,,Hawaii,United States
Hilton Suites Ocean City Oceanfront,2 private suite,"Midtown, Ocean City",8.8,Fabulous,2,0,0,38.3926679,-75.06488315,Ocean City,Maryland,United States
Meliá Orlando Celebration,Private suite,"Celebration, Orlando",8.4,Very good,1,0,0,28.5462415,-81.347551,Orlando,Florida,United States
Paradise at Canyon Lake,Entire holiday home,Canyon Lake,9.2,Superb,3,0,0,33.6836539,-117.262615,,California,United States
Sonder The Plymouth,Private suite,"Chicago Loop, Chicago",8.1,Very good,2,0,0,41.886493,-87.62012440000001,Chicago,Illinois,United States
Diamond Adventure Slope Side with Foosball and Arcade at Wintergreen Resort,Entire apartment,Wintergreen,,Exceptional,4,0,0,37.884862,-78.8994672,,Virginia,United States
Villas at Bahia Mar,Entire vill,South Padre Island,8.4,Very good,4,0,0,26.1036887,-97.1646938,,Texas,United States
Kasa Arlington Dallas,Entire apartment,Arlington,8.1,Very good,4,0,0,32.7355816,-97.1071186,Arlington,Texas,United States
Banyan Harbor Resort,Entire apartment,Lihue,8.1,Very good,3,0,0,21.9769622,-159.3687721,,Hawaii,United States
Exhibit A2,Entire apartment,Ann Arbor,8.7,Fabulous,3,0,0,42.2681569,-83.7312291,Ann Arbor,Michigan,United States
Summerspell Condominum,Entire apartment,"Miramar Beach, Destin",8.9,Fabulous,4,0,0,30.3776819,-86.3415734,,Florida,United States
Park Avenue Lofts,Entire holiday home,Freeport,8.2,Very good,3,0,0,42.2966861,-89.6212271,,Illinois,United States
Saida,Entire apartment,South Padre Island,8.5,Very good,4,0,0,26.1036887,-97.1646938,,Texas,United States
Sonder Lafayette Square,Private suite,"Downtown New Orleans, New Orleans",8.1,Very good,3,0,0,29.9504324,-90.07694881971895,New Orleans,Louisiana,United States
Beach Harbour 16 @ The Carolina Beach Boardwalk - Full Remodel!,Entire apartment,Carolina Beach,9.5,Exceptional,5,0,0,34.0351727,-77.8935966,,North Carolina,United States
Siena at Bella Collina,Entire apartment,Montverde,9.5,Exceptional,2,0,0,28.6002769,-81.673964,,Florida,United States
Royale Palms Condominiums,2 entire apartment,Myrtle Beach,8.3,Very good,2,0,0,33.6956461,-78.8900409,Myrtle Beach,South Carolina,United States
Flying Flags RV Resort & Campground,2 entire bungalow,Buellton,8.6,Fabulous,2,0,0,34.6134727,-120.193669,,California,United States
Sonder at Jackwill Flats,Private suite,San Diego,8.2,Very good,2,0,0,32.7174202,-117.1627728,San Diego,California,United States
1815 A Slice of Heaven Destin - Pool & Ocean View,Entire apartment,Destin,9.6,Exceptional,3,0,0,30.3935337,-86.4957834,,Florida,United States
Beaver Village by Stay WinterPark,Entire apartment,Winter Park,8.3,Very good,3,0,0,28.5977707,-81.3510264,,Florida,United States
Classic CWE 2BR with Full Kitchen by Zencity,Entire apartment,Tower Grove,8.0,Very good,2,0,0,38.6225517,-90.2662246,Saint Louis,Missouri,United States
ROOST Cleveland,Private suite,"Downtown Cleveland, Cleveland",9.5,Exceptional,2,0,0,35.14023735,-97.39468693478696,,Oklahoma,United States
Florence,Entire apartment,South Padre Island,8.2,Very good,4,0,0,26.1036887,-97.1646938,,Texas,United States
Brook Road Inn,Private suite,Goshen,8.1,Very good,3,0,0,41.5824086,-85.834366,,Indiana,United States
Bay Club Resort,Entire apartment,"Midtown, Ocean City",7.3,Good,4,0,0,38.3926679,-75.06488315,Ocean City,Maryland,United States
SLS South Beach,2 entire vill,"South Beach, Miami Beach",7.2,Good,2,0,0,25.7744291,-80.1332415,Miami Beach,Florida,United States
The Penthouse at Grand Plaza,Entire apartment,"River North, Chicago",9.2,Superb,3,0,0,41.899123200000005,-87.64091641045113,Chicago,Illinois,United States
Nice cozy townhouse,Entire holiday home,Bushkill,9.2,Superb,4,0,0,41.093429,-75.0018401,Lehman Township,Pennsylvania,United States
Sea Vista,Entire apartment,South Padre Island,8.0,Very good,4,0,0,26.1036887,-97.1646938,,Texas,United States
Ski in/out Spruce Glen Townhomes on Great Eastern Trail,Entire holiday home,Killington,9.2,Superb,4,0,0,43.67433,-72.7784445,,Vermont,United States
Beary Patch Hill,Entire holiday home,Sevierville,8.8,Fabulous,2,0,0,35.8667112,-83.5620518,,Tennessee,United States
Marina Inn at Grande Dunes,2 entire studio,Myrtle Beach,8.8,Fabulous,2,972,0,33.6956461,-78.8900409,Myrtle Beach,South Carolina,United States
414 Waldburg A · Newly Renovated Apt with outdoor space!,Entire apartment,"Downtown Savannah, Savannah",8.5,Very good,3,1370,0,32.075281950000004,-81.0984566550849,Savannah,Georgia,United States
Sonder Bouldin Creek,Private suite,"South Austin, Austin",8.6,Fabulous,4,936,0,41.8708988,-87.7767955,,Illinois,United States
Ocean Reef 2 bedroom/2 bath!,Entire apartment,Panama City Beach,8.3,Very good,3,595,0,30.1765914,-85.805386,,Florida,United States
Sonder The Esplanade,Private suite,"Faubourg Marigny, New Orleans",7.7,Good,2,1091,0,29.965759,-90.054238,New Orleans,Louisiana,United States
Sugar Shack by Big Bear Cool Cabins,Entire holiday home,Sugarloaf,9.0,Superb,2,2479,0,-36.17525415,175.1122321367032,Aotea Great Barrier,Auckland,New Zealand / Aotearoa
Abode Los Angeles - Downtown Historic Core,Entire apartment,"Downtown Los Angeles, Los Angeles",8.0,Very good,3,1466,0,34.0428494,-118.2476732,Los Angeles,California,United States
"Hampton 6107, 2 Bedroom, Sleeps 6, Large Pool, Oceanfront View",Entire apartment,Hilton Head Island,8.8,Fabulous,3,864,0,32.1618488,-80.7512616,,South Carolina,United States
Luxurious 2Bedroom 2Bath minutes from the water,Entire apartment,Pensacola,9.3,Superb,2,545,0,30.421309,-87.2169149,Pensacola,Florida,United States
ATL Downtown! City View! Onsite Parking! POOL! LM1K1Q,Entire apartment,"Downtown Atlanta, Atlanta",7.3,Good,2,805,0,33.7543408,-84.3870791,Atlanta,Georgia,United States
Coco Bay Luxury Condos,Entire apartment,Fort Lauderdale,8.9,Fabulous,3,1931,0,26.1223084,-80.1433786,Fort Lauderdale,Florida,United States
Sonder The Bywater,Private suite,New Orleans,8.8,Fabulous,2,1091,0,29.9759983,-90.0782127,New Orleans,Louisiana,United States
The Cliff House - Lincoln City,Entire holiday home,Lincoln City,,Exceptional,2,2238,0,44.9617922,-124.0159522,,Oregon,United States
Greeter Falls Lodge Cottage #7,Entire holiday home,Beersheba Springs,,Exceptional,3,575,0,35.4667379,-85.6541419,,Tennessee,United States
Country Cottage,Entire holiday home,Big Bear City,7.5,Good,4,1860,0,34.267886,-116.84859785319148,,California,United States
ICON Brickell residences,Entire apartment,"Brickell, Miami",7.7,Good,3,1655,0,25.7637907,-80.1954604,Miami,Florida,United States
Tradewinds Unit 406,Entire apartment,Orange Beach,7.9,Good,4,623,0,30.282839799999998,-87.62460710389821,Orange Beach,Alabama,United States
Moon River Suites #3,Entire holiday home,North Bend,9.5,Exceptional,3,1437,0,47.4957757,-121.784889,,Washington,United States
"Puppies Hollow, 2 Bedrooms, Pets, WiFi, Pool Access, Fireplace, Sleeps 4",Entire holiday home,Gatlinburg,7.3,Good,3,1133,0,35.714259,-83.5101638,,Tennessee,United States
Kasa Downtown Louisville,Entire apartment,"Downtown Louisville, Louisville",7.3,Good,4,0,0,38.24084425,-85.75478029351535,Louisville,Kentucky,United States
Downtown ATL Condo w Pool King Bed LM1K2T,Entire apartment,"Downtown Atlanta, Atlanta",7.9,Good,3,0,202,33.7543408,-84.3870791,Atlanta,Georgia,United States
Luxurious Highrise 2b 2b Apartment Heart Of Downtown LA,Entire apartment,"Downtown Los Angeles, Los Angeles",8.4,Very good,3,0,298,34.0428494,-118.2476732,Los Angeles,California,United States
"Downtown Saugatuck Condo, Near Oval Beach!",Entire apartment,Saugatuck,7.9,Good,2,0,632,42.6549244,-86.2040552,,Michigan,United States
"Ocean Village Club R11, 2 Bedrooms, Sleeps 6, 2 Pools, WiFi",Entire apartment,St. Augustine,8.5,Very good,3,0,236,29.8946952,-81.3145395,,Florida,United States
Bourbon Street Condos,Entire apartment,"Faubourg Marigny, New Orleans",7.8,Good,4,0,394,29.965759,-90.054238,New Orleans,Louisiana,United States
Crystal Shores West 202,Entire apartment,Gulf Shores,8.4,Very good,3,0,0,30.2711224,-87.6893826,,Alabama,United States
Fantastic Philly Fully Furnished Apartments,Entire apartment,"Philadelphia City Center, Philadelphia",7.2,Good,3,0,205,39.9525541,-75.15202163851058,Philadelphia,Pennsylvania,United States
Sun and Sea by Beachside Management,Entire vill,Siesta Key,8.6,Fabulous,4,0,0,27.275596,-82.5561626939674,,Florida,United States
Montgomery House,Entire apartment,New Orleans,8.5,Very good,2,0,294,29.9759983,-90.0782127,New Orleans,Louisiana,United States
"Sleeps 6! 2 Bedrm, Gym, Close to Major Attractions",Entire apartment,"South Philadelphia, Philadelphia",8.2,Very good,3,0,265,39.9255456,-75.1694641,Philadelphia,Pennsylvania,United States
Nana's Cottage Retreat,Entire holiday home,Big Bear City,9.0,Superb,3,0,234,34.267886,-116.84859785319148,,California,United States
Islander Bayside Villas & Boatslips,2 entire apartment,Islamorada,8.6,Fabulous,2,0,191,24.9236561,-80.6291479,,Florida,United States
Bearly Gnomey,Entire chalet,Gatlinburg,9.0,Superb,2,0,620,35.714259,-83.5101638,,Tennessee,United States
"Hang Ten Hideaway Oceanview, pool, Condo, Parking",Entire holiday home,Carolina Beach,8.0,Very good,5,0,236,34.0351727,-77.8935966,,North Carolina,United States
Rincon Cabin,Entire holiday home,Big Bear Lake,9.2,Superb,2,0,238,34.2440587,-116.91018,,California,United States
Downtown Musical Getaway,Entire apartment,"Downtown Houston, Houston",9.1,Superb,1,0,0,29.75831015,-95.36294195965999,Houston,Texas,United States
Kasa Love Field-Medical District Dallas,Entire apartment,Dallas,7.9,Good,4,0,0,32.7762719,-96.7968559,Dallas,Texas,United States
Vivant - Spacious 2BR King Bed Suites Close to Downtown and Airport,Entire apartment,Austin,9.8,Exceptional,3,0,1127,30.2711286,-97.7436995,Austin,Texas,United States
Play All Day - Sleep By The Stream at Night - Swimming Hole,Entire apartment,Palenville,9.0,Superb,3,0,0,42.1745334,-74.0201355,,New York,United States
Atlanta Downtown! High Rise! Onsite Parking LM609,Entire apartment,"Downtown Atlanta, Atlanta",8.6,Fabulous,3,0,0,33.7543408,-84.3870791,Atlanta,Georgia,United States
Starfish Point,Entire apartment,Newport,9.7,Exceptional,3,0,0,41.4899827,-71.3137707,Newport,Rhode Island,United States
The Historic Divine Lorraine Apartments,Entire apartment,Philadelphia,8.7,Fabulous,5,0,0,39.9527237,-75.1635262,Philadelphia,Pennsylvania,United States
Beach Drive Suites,Entire apartment,Seaside,8.4,Very good,2,0,0,36.62593,-121.8169383456945,Seaside,California,United States
@ Marbella Lane - 10 Acres Oasis Desert Retreat!,Entire holiday home,Joshua Tree,8.9,Fabulous,2,0,0,34.1265262,-116.32093491214893,,California,United States
Tradewinds 307,Entire apartment,Orange Beach,7.8,Good,3,0,0,30.282839799999998,-87.62460710389821,Orange Beach,Alabama,United States
Modern 2BR 3BA Condo on the Boardwalk by CozySuites,Entire apartment,Atlantic City,8.8,Fabulous,3,0,0,39.3642852,-74.4229351,Atlantic City,New Jersey,United States
Breathtaking Appartment in the heart of marina Del Rey/ Venice Beach,Entire apartment,"Marina Del Rey, Los Angeles",8.1,Very good,4,0,0,33.9776848,-118.448647,,California,United States
Waldorf Astoria Monarch Beach Resort & Club,2 entire studio,Dana Point,8.9,Fabulous,2,0,0,33.4669721,-117.6981075,,California,United States
Renu at Jacksonville,Entire apartment,Jacksonville,8.1,Very good,3,0,0,30.3321838,-81.655651,Jacksonville,Florida,United States
"Ocean Village Club G21, 2 Bedrooms, Heated Pool, Sleeps 4, Pet Friendly",Entire apartment,St. Augustine,8.3,Very good,3,0,0,29.8946952,-81.3145395,,Florida,United States
Atlanta Furnished Apartments - Great location in the Heart of the City,Entire apartment,"Buckhead - North Atlanta, Atlanta",8.3,Very good,3,0,0,33.8334,-84.3785,Atlanta,Georgia,United States
Unforgettable Vacation Experience at Ocean Forest Villas,Private suite,Myrtle Beach,7.9,Good,4,0,0,33.6956461,-78.8900409,Myrtle Beach,South Carolina,United States
The White House,Entire holiday home,West Palm Beach,9.2,Superb,3,0,0,26.715364,-80.0532942,West Palm Beach,Florida,United States
Meadow View Chalet-1632 by Big Bear Vacations,Entire holiday home,Big Bear City,7.5,Good,4,0,0,34.267886,-116.84859785319148,,California,United States
Sweet Blue Spruce,Entire holiday home,Big Bear Lake,8.0,Very good,3,0,0,34.2440587,-116.91018,,California,United States
2 Bedroom Elegant condos in Downtown New Orleans,Entire apartment,"Downtown New Orleans, New Orleans",8.1,Very good,3,0,0,29.9504324,-90.07694881971895,New Orleans,Louisiana,United States
Elegant Cottage with Wonderful Views near FH Lake,Entire apartment,Show Low,9.3,Superb,3,0,0,34.2542084,-110.029832,Show Low,Arizona,United States
Margaritaville Cottages Orlando by Rentyl,Entire apartment,"Celebration, Orlando",8.3,Very good,3,0,0,28.5462415,-81.347551,Orlando,Florida,United States
Stylish Warehouse Apartments,Entire apartment,"Arts- Warehouse District, New Orleans",9.0,Superb,2,0,0,29.9439013,-90.06496413282588,New Orleans,Louisiana,United States
Chateau 17,Entire apartment,Hammond,9.8,Exceptional,1,0,0,41.5833658,-87.500043,,Indiana,United States
StayOvr at LegacyWest,Entire apartment,"Legacy West, Plano",8.7,Fabulous,2,0,0,33.0808813,-96.82621945349385,Plano,Texas,United States
A Lovely Cabin House at Way Woods Retreat with Outdoor Hot Tub!,Entire holiday home,Foresthill,9.3,Superb,4,0,0,39.0019935,-120.82540181422367,,California,United States
Fabulous Cottages with City Views,Entire apartment,"Central City, New Orleans",8.1,Very good,3,0,255,29.9461665,-90.0784417,New Orleans,Louisiana,United States
The West Gem,Entire apartment,"South Beach, Miami Beach",8.0,Very good,4,0,0,25.7744291,-80.1332415,Miami Beach,Florida,United States
New Ocean Front Corner Unit,Entire apartment,"Downtown Myrtle Beach, Myrtle Beach",8.3,Very good,3,0,0,33.6945202,-78.8835706,Myrtle Beach,South Carolina,United States
2 bedroom w/ upstairs balcony attached to Master,Entire holiday home,Houston,8.1,Very good,3,0,0,29.7589382,-95.3676974,Houston,Texas,United States
Atlantic Ocean Suites,Private suite,Old Orchard Beach,8.7,Fabulous,3,0,334,43.517684,-70.377731,,Maine,United States
Ariel Dunes II 602,Entire apartment,"Miramar Beach, Destin",8.9,Fabulous,1,0,245,30.3776819,-86.3415734,,Florida,United States
2BR 3BA Ocean Front condo on the Boardwalk CozySuites,Entire apartment,Atlantic City,8.6,Fabulous,5,0,394,39.3642852,-74.4229351,Atlantic City,New Jersey,United States
"Beachfront Destin Condo with Pool, Harbor View!",Entire apartment,Destin,8.5,Very good,2,0,0,30.3935337,-86.4957834,,Florida,United States
The Raspberry Garden,Entire apartment,Rexburg,8.7,Fabulous,2,0,0,43.8235163,-111.787022,Rexburg,Idaho,United States
Modern Home nearby Airport,Entire holiday home,Conley,9.5,Exceptional,3,0,0,33.6448311,-84.3257571,,Georgia,United States
Luxury Downtown Dallas Stay by Amyfinehouse,Entire apartment,"Downtown Dallas, Dallas",8.0,Very good,3,683,0,32.7797876,-96.7980118,Dallas,Texas,United States
New Waterfront Bungalow - Fishermans Paradise - Bungalow Tarvana,Entire holiday home,South Padre Island,,Exceptional,1,629,0,26.1036887,-97.1646938,,Texas,United States
"River Access Cabin Hot Tub, WiFi, Huge Deck&Grill",Entire vill,Luray,7.9,Good,2,1749,0,48.7201659,1.3972981,,Centre-Val de Loire,France
1549 North Maplewood Avenue,Entire apartment,"Wicker Park, Chicago",8.6,Fabulous,3,654,0,41.9078018,-87.6781551,Chicago,Illinois,United States
Brown Bears Cabin-1091 by Big Bear Vacations,Entire holiday home,Big Bear Lake,8.8,Fabulous,3,1725,0,34.2440587,-116.91018,,California,United States
La Isla Residences Luxury Condominiums,Entire apartment,South Padre Island,7.8,Good,4,1091,0,26.1036887,-97.1646938,,Texas,United States
WALK TO NRG-CITY VIEW BALCONY- FREE PARKING-2bdrm near NRG-Med Center-Galleria-Downtown,Entire apartment,Houston,9.4,Superb,1,326,0,29.7589382,-95.3676974,Houston,Texas,United States
Marbella Towers High Floor Wonderful Condos,Entire apartment,Sunny Isles Beach,9.0,Superb,5,2873,0,25.9426915,-80.1218486,,Florida,United States
The Van Zant House,Entire holiday home,Jacksonville,8.8,Fabulous,3,424,0,30.3321838,-81.655651,Jacksonville,Florida,United States
Boardwalk 2BR 3BA Condo CozySuites at Showboat,Entire apartment,Atlantic City,9.3,Superb,5,664,0,39.3642852,-74.4229351,Atlantic City,New Jersey,United States
New Luxury Loft #12 Near Resort With Huge Hot Tub & Views - FREE Activities & Equipment Rentals Daily,Entire holiday home,Winter Park,9.7,Exceptional,5,3803,0,28.5977707,-81.3510264,,Florida,United States
Water View Home,Entire apartment,Seattle,9.5,Exceptional,3,1231,0,47.6038321,-122.330062,Seattle,Washington,United States
"Luxury 3 Bedroom, 20 min to Boston, 15min Encore",Entire apartment,Malden,7.0,Good,2,807,0,42.4250964,-71.066163,,Massachusetts,United States
Quaint cabin near many attractions w/ private dock,Entire apartment,Newaygo,8.2,Very good,3,445,0,43.5121225,-85.7944976,,Michigan,United States
"A Lovely 2 bedroom 2 full Bath Apartment Unit with Desk and Den, Rental Car Available",Entire apartment,"Westchase, Houston",9.1,Superb,2,495,0,29.730322299999997,-95.56245837420101,Houston,Texas,United States
"Magnolia North 2BR Condo w Pool, Near Beach and Golf",Entire apartment,Myrtle Beach,8.8,Fabulous,4,414,0,33.6956461,-78.8900409,Myrtle Beach,South Carolina,United States
Kasa Downtown South Bend,Entire apartment,South Bend,8.0,Very good,4,619,0,41.6833813,-86.2500066,South Bend,Indiana,United States
The Georgia Peach -near Plant Riverside & downtown,Entire apartment,"Downtown Savannah, Savannah",,Exceptional,2,1690,0,32.075281950000004,-81.0984566550849,Savannah,Georgia,United States
Huge Beachfront Condo CozySuites at Showboat,Entire apartment,Atlantic City,8.6,Fabulous,5,664,0,39.3642852,-74.4229351,Atlantic City,New Jersey,United States
The Current I Sextant,Entire apartment,Miami Beach,8.2,Very good,4,1820,0,25.7929198,-80.1353006,Miami Beach,Florida,United States
Modern spacious home with Pool/Ping pong table in Midtown Atlanta !,Entire apartment,Atlanta,,Exceptional,3,603,0,33.7489924,-84.3902644,Atlanta,Georgia,United States
Azure Smart Hub near Med CTR & NRG,Entire apartment,"Medical Center, Houston",9.0,Superb,2,510,266,29.7026477,-95.39593537088199,Houston,Texas,United States
The Pearl Of Detroit/10 Minutes To Down Town,Entire apartment,Detroit,7.6,Good,3,654,0,42.3315509,-83.0466403,Detroit,Michigan,United States
Villa 5,Entire apartment,Hammond,9.8,Exceptional,3,837,423,41.5833658,-87.500043,,Indiana,United States
"Sea Place 11208, 2 Bedrooms, Sleeps6, Tennis, Ocean Front, Pool, WiFi",Entire apartment,St. Augustine,9.2,Superb,4,1433,0,29.8946952,-81.3145395,,Florida,United States
Greeter Falls Lodge Cottage #6,Entire holiday home,Altamont,9.6,Exceptional,3,575,0,37.1903448,-95.2971928,,Kansas,United States
Luxe Ocean Front Condo CozySuites at Showboat,Entire apartment,Atlantic City,8.0,Very good,5,664,0,39.3642852,-74.4229351,Atlantic City,New Jersey,United States
Cloud Nine Cottage,Entire holiday home,Big Lake,9.1,Superb,3,645,0,31.1954739,-101.4592746,,Texas,United States
Beach Block Parking Modern Decor Porch,Entire apartment,Brigantine,9.5,Exceptional,3,904,0,39.4101171,-74.3645906,,New Jersey,United States
Crystal Tower 1506,Entire apartment,Gulf Shores,8.3,Very good,3,497,0,30.2711224,-87.6893826,,Alabama,United States
Hosteeva Atlantica Beachfront Condo,Entire apartment,Myrtle Beach,8.1,Very good,4,649,0,33.6956461,-78.8900409,Myrtle Beach,South Carolina,United States
Hacienda del Sol II - 404,Entire holiday home,New Smyrna Beach,9.6,Exceptional,4,897,0,29.0258132,-80.9271271,New Smyrna Beach,Florida,United States
Desert Gardens #3,Entire holiday home,Moab,9.5,Exceptional,2,1675,0,38.5738096,-109.546214,Moab,Utah,United States
The Dawn Oceanfront Bliss on Famous Seawall Blvd,Entire apartment,"West End, Galveston",9.2,Superb,3,1237,0,29.14535815,-95.04689286859056,Galveston,Texas,United States
"Villa Serenity, Pet Friendly",Entire holiday home,Panama City Beach,8.1,Very good,1,1067,0,30.1765914,-85.805386,,Florida,United States
Italian Villa with Backyard - 1mi to Beach,Entire holiday home,Boynton Beach,8.0,Very good,2,911,0,26.5256179,-80.0666026,,Florida,United States
Paradise Beach Club - Oceanfront and Penthouse,Entire apartment,Satellite Beach,8.9,Fabulous,3,3641,0,28.1761233,-80.5900519,,Florida,United States
Two Story Townhouse,Entire apartment,"Downtown Key West, Key West",7.0,Good,3,4164,0,24.5521355,-81.79282577364836,,Florida,United States
Irish American INN,Entire apartment,Newport,8.9,Fabulous,3,1963,0,41.4899827,-71.3137707,Newport,Rhode Island,United States
Forest Glen,Entire holiday home,Big Bear Lake,9.5,Exceptional,2,2233,0,34.2440587,-116.91018,,California,United States
The River Cottage,Entire apartment,Pigeon Forge,9.1,Superb,2,1039,0,35.7884241,-83.5543329,,Tennessee,United States
Rustic Clint Eastwood Ranch Apt by Raystown Lake,Entire holiday home,Huntingdon,8.2,Very good,3,436,0,40.3446332,-78.0281185,Union Township,Pennsylvania,United States
13 Lodge,Entire apartment,Hood River,9.0,Superb,2,484,0,45.5311636,-121.6475587,,Oregon,United States
Stylish 2BR 3BA CozySuites on the Boardwalk,Entire apartment,Atlantic City,8.9,Fabulous,5,664,0,39.3642852,-74.4229351,Atlantic City,New Jersey,United States
Snow Summit Townhouse,Entire holiday home,Big Bear Lake,9.0,Superb,3,2851,0,34.2440587,-116.91018,,California,United States
"Oceanfront beach, sky, & dolphins",Entire apartment,"Virginia Beach Boardwalk, Virginia Beach",9.7,Exceptional,4,1453,0,36.84363895,-75.97089101547536,Virginia Beach,Virginia,United States
Brickell Deluxe Apartment with Free Parking,Entire apartment,"Brickell, Miami",8.3,Very good,4,1316,0,25.7637907,-80.1954604,Miami,Florida,United States
Galveston Beach House with Private Deck and Gulf Views,Entire holiday home,"West End, Galveston",9.5,Exceptional,3,845,0,29.14535815,-95.04689286859056,Galveston,Texas,United States
NEW! Smokies Escape in Pigeon Forge!,Entire holiday home,Pigeon Forge,8.9,Fabulous,5,2213,0,35.7884241,-83.5543329,,Tennessee,United States
"Ocean Village Club K12, 2 Bedrooms, Sleeps 4, Heated Pool, WiFi",Entire apartment,St. Augustine,9.6,Exceptional,2,852,0,29.8946952,-81.3145395,,Florida,United States
Little Italy Lodge-2 Bedroom Stay in Bloomfield,Entire apartment,Pittsburgh,,Exceptional,1,716,0,40.4416941,-79.9900861,Pittsburgh,Pennsylvania,United States
Ariel Dunes II 109,Entire apartment,"Miramar Beach, Destin",7.8,Good,1,456,0,30.3776819,-86.3415734,,Florida,United States
Hilton Head Condo - Walk to Folly Field Beach!,Entire apartment,Hilton Head Island,7.3,Good,4,0,576,32.1618488,-80.7512616,,South Carolina,United States
Crystal Tower 904,Entire apartment,Gulf Shores,8.6,Fabulous,3,0,1093,30.2711224,-87.6893826,,Alabama,United States
Edgewater Condo Unit #303 Apts,Entire apartment,South Padre Island,8.6,Fabulous,3,0,657,26.1036887,-97.1646938,,Texas,United States
The Fox Paw,Entire holiday home,Big Bear Lake,8.0,Very good,4,0,0,34.2440587,-116.91018,,California,United States
Villa 2,Entire apartment,Hammond,9.9,Exceptional,2,0,0,41.5833658,-87.500043,,Indiana,United States
Holden Beach Your Way,Entire holiday home,Holden Beach,8.5,Very good,3,0,0,33.9135061,-78.3038892,,North Carolina,United States
Cabin Chic,Entire holiday home,Big Bear City,9.0,Superb,3,0,0,34.267886,-116.84859785319148,,California,United States
"Evian 123, 2 Bedrooms, Sleeps 6, Pool, Golf View",Entire apartment,Hilton Head Island,9.0,Superb,4,0,0,32.1618488,-80.7512616,,South Carolina,United States
"Modern Ski Chalet, 10mins to Skiing, Hot Tub & Mountain Views",Entire chalet,Whitefish,,Exceptional,3,0,0,48.450293,-114.33828531635987,,Montana,United States
Sea Breeze 119 by Bender Vacation Rentals,Entire apartment,Gulf Shores,8.5,Very good,4,0,0,30.2711224,-87.6893826,,Alabama,United States
"The WILLA on 7th, located in Downtown BENTONVILLE!",Entire holiday home,Bentonville,9.3,Superb,4,0,0,36.3728538,-94.2088172,,Arkansas,United States
Private Beach Haven with All of the Comforts,Entire holiday home,Herbster,,Exceptional,1,0,0,46.8324331,-91.2610177,,Wisconsin,United States
Los Cabos III Condominiums,Entire apartment,South Padre Island,7.1,Good,4,0,0,26.1036887,-97.1646938,,Texas,United States
"Bright & Airy 2BR, 3 Blocks From The Beach",Entire apartment,Ventnor City,7.2,Good,1,0,0,39.3405045,-74.4773916,,New Jersey,United States
@ Marbella Lane - Waterfront 2BR Whidbey Island,Entire holiday home,Coupeville,9.3,Superb,4,0,0,48.9105864,4.6239934,,Grand Est,France
Beachfront 2BR 3BA Condo CozySuites at Showboat,Entire apartment,Atlantic City,7.9,Good,5,0,0,39.3642852,-74.4229351,Atlantic City,New Jersey,United States
"Ocean Walk, 2 Bedrooms, Sleeps 6, Ocean Views, New Pool",Entire holiday home,Palm Coast,8.0,Very good,4,0,0,29.5541432,-81.2207673,Palm Coast,Florida,United States
Two Bedroom Apartment at the Palace Resort,Entire apartment,Myrtle Beach,7.5,Good,4,0,0,33.6956461,-78.8900409,Myrtle Beach,South Carolina,United States
Boardwalk CozySuites Beachfront 2BR 3BA Condo,Entire apartment,Atlantic City,7.8,Good,5,0,358,39.3642852,-74.4229351,Atlantic City,New Jersey,United States
Phillips Historic Motel & Cottages,Entire bungalow,Robbinsville,7.9,Good,4,0,0,35.3227597,-83.8069988,,North Carolina,United States
Centrally Located Coffee Bar & Comfort 3,Entire apartment,Fairbanks,7.6,Good,1,0,346,64.837845,-147.716675,Fairbanks,Alaska,United States
@ Marbella Lane 2BR Lower Level House in Downtown San Jose,Entire apartment,San Jose,8.0,Very good,4,0,0,37.3361663,-121.890591,San Jose,California,United States
Corry Bungalow,Entire holiday home,Pensacola,9.2,Superb,3,0,0,30.421309,-87.2169149,Pensacola,Florida,United States
Escape to Bearadise,Entire holiday home,Big Bear Lake,,Exceptional,4,0,0,34.2440587,-116.91018,,California,United States
Moondrifter 506 By ZIA,Entire apartment,Panama City Beach,8.8,Fabulous,4,0,266,30.1765914,-85.805386,,Florida,United States
Red Roof,Entire holiday home,Stanley,8.3,Very good,2,0,0,-51.6950575,-57.8491693,Stanley,,Falkland Islands
West NewYork NJ Cozy 2bed apt backyard to stay,Entire apartment,West New York,,Exceptional,3,0,0,40.7856117,-74.0093129,,New Jersey,United States
A Humble Hilltop Hideaway,Entire holiday home,Big Bear City,8.7,Fabulous,2,0,0,34.267886,-116.84859785319148,,California,United States
Trifecta Historic Brick 2BR Getaway Superhost,Entire apartment,Durham,9.0,Superb,3,452,0,35.996653,-78.9018053,Durham,North Carolina,United States
Paris luxury,Entire apartment,Hallandale Beach,8.0,Very good,1,3089,0,25.9812025,-80.148379,,Florida,United States
Luxurious Fort Lauderdale Pool Home,Entire holiday home,Fort Lauderdale,,Exceptional,2,1567,0,26.1223084,-80.1433786,Fort Lauderdale,Florida,United States
"Oceanfront, 2BR, 2BA Condo, St. Regis #3213, Topsail, NC",Entire apartment,North Topsail Beach,9.1,Superb,3,735,0,34.4901665,-77.43163,,North Carolina,United States
General Butler State Resort Park,2 entire holiday home,Carrollton,7.7,Good,2,1050,0,32.9537349,-96.8902816,Carrollton,Texas,United States
Woodland Retreat,Entire holiday home,Hancock,8.8,Fabulous,4,517,0,40.3941712,-91.1458063,,Illinois,United States
Cozy Isle,Entire apartment,Port Aransas,8.0,Very good,3,542,0,27.8332175,-97.0618324,,Texas,United States
"Surfside Six E, 2 Bedrooms, Ocean Front, Sleeps 6, Wireless Internet",Entire apartment,St. Augustine,8.4,Very good,4,1799,0,29.8946952,-81.3145395,,Florida,United States
Hacienda del Sol II - 513,Entire apartment,New Smyrna Beach,9.0,Superb,4,1190,0,29.0258132,-80.9271271,New Smyrna Beach,Florida,United States
Waterway Village by Palmetto Vacations,Entire apartment,Myrtle Beach,7.3,Good,1,456,0,33.6956461,-78.8900409,Myrtle Beach,South Carolina,United States
Dune With A View,Entire holiday home,Lincoln City,8.0,Very good,2,2014,0,44.9617922,-124.0159522,,Oregon,United States
Sweet Dreams,Entire holiday home,Dauphin Island,9.2,Superb,3,1548,0,30.2542022,-88.1124817,,Alabama,United States
The Lodges at Sunset Village,Entire chalet,McHenry,8.5,Very good,1,2274,0,42.3294391,-88.4605713,,Illinois,United States
Bear Retreat,Entire holiday home,Big Bear Lake,,Exceptional,4,2511,0,34.2440587,-116.91018,,California,United States
Little Big Pine,Entire holiday home,Big Bear Lake,8.9,Fabulous,3,1983,0,34.2440587,-116.91018,,California,United States
Chic Paris Beach Getaway - 1mi to beach,Entire holiday home,Boynton Beach,7.3,Good,3,1068,0,26.5256179,-80.0666026,,Florida,United States
Village Hideaway,Entire holiday home,Big Bear Lake,7.8,Good,3,2851,0,34.2440587,-116.91018,,California,United States
"Artist Road #30, 2 Bedrooms, Fireplace, Pool Access, Washer/Dryer, Sleeps 4",Entire apartment,Santa Fe,9.0,Superb,3,2489,0,-30.3154739,-61.1645076,,Santa Fe,Argentina
Bear Country Cabin,Entire holiday home,Big Bear City,7.6,Good,3,1983,0,34.267886,-116.84859785319148,,California,United States
Sea Breeze 305,Entire apartment,Gulf Shores,9.4,Superb,2,700,0,30.2711224,-87.6893826,,Alabama,United States
Hacienda del Sol II - 116,Entire apartment,New Smyrna Beach,,Exceptional,4,1353,0,29.0258132,-80.9271271,New Smyrna Beach,Florida,United States
Lake Chelan Resort Condo Pool and Hot Tub Access!,Entire apartment,Manson,8.5,Very good,2,642,0,42.5291439,-94.5341421,,Iowa,United States
Cottage near Overton Park W/ 5 Large Beds and SOFA,Entire holiday home,"University District, Memphis",9.5,Exceptional,6,410,0,35.1393168,-90.0313529,Memphis,Tennessee,United States
Tides 611,Entire apartment,"Miramar Beach, Destin",,Exceptional,1,1149,0,30.3776819,-86.3415734,,Florida,United States
Fanciful Winters Lake,Entire holiday home,Big Bear Lake,7.8,Good,2,2479,238,34.2440587,-116.91018,,California,United States
"Xanadu 19-A, 2 Bedroom, Sleeps 6, Walk to Beach, Large Pool, Free Tennis",Entire apartment,Hilton Head Island,8.6,Fabulous,4,507,310,32.1618488,-80.7512616,,South Carolina,United States
Coy Cottage,Entire holiday home,Big Bear City,8.2,Very good,3,2975,0,34.267886,-116.84859785319148,,California,United States
Majestic Sun 403A Home,Entire holiday home,"Miramar Beach, Destin",9.1,Superb,4,885,525,30.3776819,-86.3415734,,Florida,United States
Shoreline Towers 1052 Condo,Entire apartment,Destin,8.5,Very good,3,1033,286,30.3935337,-86.4957834,,Florida,United States
Spacious Boardwalk 2BR 3BA Condo by CozySuites,Entire apartment,Atlantic City,8.4,Very good,5,664,250,39.3642852,-74.4229351,Atlantic City,New Jersey,United States
"Crescent Moon Casita, 2 Bedrooms, Patio, WiFi, Sleeps 4",Entire holiday home,Santa Fe,,Exceptional,2,1829,238,-30.3154739,-61.1645076,,Santa Fe,Argentina
Ocean Time - Steps to the beach! Carolina beach charm surrounds you when your on Ocean Time! condo,Entire apartment,Carolina Beach,7.0,Good,1,714,708,34.0351727,-77.8935966,,North Carolina,United States
Edgewater Beautiful 2 bedroom 2 bath!,Entire apartment,Panama City Beach,8.1,Very good,3,1388,358,30.1765914,-85.805386,,Florida,United States
Ariel Dunes II 1007,Entire apartment,"Miramar Beach, Destin",8.3,Very good,1,684,397,30.3776819,-86.3415734,,Florida,United States
Genoa Golf Condo in Lely Resort,Entire apartment,Naples,9.0,Superb,3,3414,0,40.8358846,14.2487679,Napoli,Campania,Italia
My Ohana Getaway townhouse,Entire holiday home,"Miramar Beach, Destin",9.0,Superb,4,700,0,30.3776819,-86.3415734,,Florida,United States
Waterway Village by Palmetto Vacations,Entire apartment,Myrtle Beach,7.3,Good,1,0,422,33.6956461,-78.8900409,Myrtle Beach,South Carolina,United States
Dune With A View,Entire holiday home,Lincoln City,8.0,Very good,2,0,334,44.9617922,-124.0159522,,Oregon,United States
Sweet Dreams,Entire holiday home,Dauphin Island,9.2,Superb,3,0,537,30.2542022,-88.1124817,,Alabama,United States
The Lodges at Sunset Village,Entire chalet,McHenry,8.5,Very good,1,0,328,42.3294391,-88.4605713,,Illinois,United States
Bear Retreat,Entire holiday home,Big Bear Lake,,Exceptional,4,0,163,34.2440587,-116.91018,,California,United States
Little Big Pine,Entire holiday home,Big Bear Lake,8.9,Fabulous,3,0,556,34.2440587,-116.91018,,California,United States
Chic Paris Beach Getaway - 1mi to beach,Entire holiday home,Boynton Beach,7.3,Good,3,0,519,26.5256179,-80.0666026,,Florida,United States
Village Hideaway,Entire holiday home,Big Bear Lake,7.8,Good,3,0,441,34.2440587,-116.91018,,California,United States
"Artist Road #30, 2 Bedrooms, Fireplace, Pool Access, Washer/Dryer, Sleeps 4",Entire apartment,Santa Fe,9.0,Superb,3,0,430,-30.3154739,-61.1645076,,Santa Fe,Argentina
"Island North 4A - Incredible ocean views, quiet and relaxing, located near Freeman Park condo",Entire apartment,Carolina Beach,8.5,Very good,1,0,561,34.0351727,-77.8935966,,North Carolina,United States
Bear Country Cabin,Entire holiday home,Big Bear City,7.6,Good,3,0,0,34.267886,-116.84859785319148,,California,United States
The Island Inn Condominiums by DC,Entire vill,Oak Bluffs,7.0,Good,3,0,388,41.4538523,-70.5684713,,Massachusetts,United States
Sea Breeze 305,Entire apartment,Gulf Shores,9.4,Superb,2,0,494,30.2711224,-87.6893826,,Alabama,United States
Hacienda del Sol II - 116,Entire apartment,New Smyrna Beach,,Exceptional,4,0,308,29.0258132,-80.9271271,New Smyrna Beach,Florida,United States
Lake Chelan Resort Condo Pool and Hot Tub Access!,Entire apartment,Manson,8.5,Very good,2,0,427,42.5291439,-94.5341421,,Iowa,United States
Cottage near Overton Park W/ 5 Large Beds and SOFA,Entire holiday home,"University District, Memphis",9.5,Exceptional,6,0,263,35.1393168,-90.0313529,Memphis,Tennessee,United States
Majestic Sun 411B Home,Entire holiday home,"Miramar Beach, Destin",9.7,Exceptional,4,0,537,30.3776819,-86.3415734,,Florida,United States
Tides 611,Entire apartment,"Miramar Beach, Destin",,Exceptional,1,0,262,30.3776819,-86.3415734,,Florida,United States
Cozy Home Close to Downtown Tacoma,Entire holiday home,Tacoma,9.7,Exceptional,4,0,405,47.2495798,-122.439874,Tacoma,Washington,United States
"Sand Pebbles A17 - Relax and unwind, Feel the sun on your shoulders and the ocean breezes in your hair, condo",Entire apartment,Carolina Beach,7.0,Good,1,0,334,34.0351727,-77.8935966,,North Carolina,United States
Snowbirds Retreat Walkable Destin Condo with View!,Entire apartment,Destin,9.5,Exceptional,2,0,183,30.3935337,-86.4957834,,Florida,United States
Thunder Island 75B condo,Entire apartment,"Midtown, Ocean City",8.5,Very good,1,0,429,38.3926679,-75.06488315,Ocean City,Maryland,United States
Silverado I Building B Unit 204,Entire holiday home,Winter Park,8.6,Fabulous,2,0,163,28.5977707,-81.3510264,,Florida,United States
Charming Canyon Lake Cottage with Pool and BBQ Pit!,Entire holiday home,Canyon Lake,8.0,Very good,3,0,372,33.6836539,-117.262615,,California,United States
Boardwalk 2BR 3BA Condo by CozySuites,Entire apartment,Atlantic City,7.4,Good,5,0,240,39.3642852,-74.4229351,Atlantic City,New Jersey,United States
SeaCrest 511 condo,Entire apartment,Fort Walton Beach,,Exceptional,3,0,0,30.4057552,-86.618842,,Florida,United States
Greek Villa Vibes with Backyard - 1mi to Beach,Entire holiday home,Boynton Beach,8.6,Fabulous,3,0,0,26.5256179,-80.0666026,,Florida,United States
Luau I 7907,Entire apartment,"Miramar Beach, Destin",9.5,Exceptional,1,0,0,30.3776819,-86.3415734,,Florida,United States
Happy Bear #2053 by Big Bear Vacations,Entire holiday home,Big Bear Lake,,Exceptional,2,0,0,34.2440587,-116.91018,,California,United States
Newly Renovated Beach Condo with STUNNING Water Views! Monthly and Weekly Specials!,Entire holiday home,Carolina Beach,,Exceptional,4,0,0,34.0351727,-77.8935966,,North Carolina,United States
Sand of Time Cottage cottage,Entire holiday home,"East End, Galveston",,Exceptional,4,0,0,29.3046766,-94.7882922,Galveston,Texas,United States
539 Bay Street,Entire apartment,Traverse City,9.6,Exceptional,2,0,0,44.7606441,-85.6165301,Traverse City,Michigan,United States
Cabool Cottage,Entire holiday home,Cabool,9.8,Exceptional,1,0,0,37.123941,-92.1012678,,Missouri,United States
Radiant Beach Block Condo Parking Patio,Entire apartment,Brigantine,,Exceptional,3,0,0,39.4101171,-74.3645906,,New Jersey,United States
HIB-C202 3 Pools Ocean View Free Tix 2BR,Entire apartment,Crescent Beach,7.7,Good,3,0,0,44.2380664,-64.4142153,,Nova Scotia,Canada
2BR Condo On The Boardwalk with 3 Baths CozySuites,Entire apartment,Atlantic City,7.0,Good,5,0,0,39.3642852,-74.4229351,Atlantic City,New Jersey,United States
Lazy Days Cottage - Amazing Views and Great Location! home,Entire holiday home,"East End, Galveston",8.0,Very good,4,0,0,29.3046766,-94.7882922,Galveston,Texas,United States
Bay Colony 773 - Upper,Entire apartment,Nisswa,9.5,Exceptional,4,0,0,46.5205224,-94.288609,,Minnesota,United States
2BR 3BA Beachfront Condo CozySuites at Showboat,Entire apartment,Atlantic City,8.2,Very good,5,0,0,39.3642852,-74.4229351,Atlantic City,New Jersey,United States
Inlet Reef 318 Destin Condo,Entire apartment,Destin,9.0,Superb,4,0,0,30.3935337,-86.4957834,,Florida,United States
Sandpiper Beachview Condos by Bender Vacation Rentals,Entire apartment,Gulf Shores,8.6,Fabulous,4,0,0,30.2711224,-87.6893826,,Alabama,United States
SeaCrest 413 condo,Entire apartment,Fort Walton Beach,8.0,Very good,3,0,0,30.4057552,-86.618842,,Florida,United States
Healing Hideaway by Pristine Properties,Entire apartment,Saint Joe Beach,9.0,Superb,1,0,0,29.902151,-85.3621418,,Florida,United States
Casa de las Palmas by Padre Getaways,Entire holiday home,South Padre Island,,Exceptional,3,0,0,26.1036887,-97.1646938,,Texas,United States
Unbelievable Condo Beach Block Parking,Entire holiday home,Brigantine,8.0,Very good,4,0,0,39.4101171,-74.3645906,,New Jersey,United States
Sunrise Village 101 Condo,Entire apartment,Gulf Shores,9.0,Superb,2,0,0,30.2711224,-87.6893826,,Alabama,United States
Breezy Oceanfront Panama Beach Condo with Pool Access,Entire apartment,Panama City Beach,8.5,Very good,2,0,0,30.1765914,-85.805386,,Florida,United States
Sea Fever - Newly renovated OCEANFRONT second floor condo! Sunrises and sweeping views! condo,Entire apartment,Carolina Beach,7.5,Good,1,1047,0,34.0351727,-77.8935966,,North Carolina,United States
Vista Pines-234 by Big Bear Vacations,Entire holiday home,Big Bear Lake,8.0,Very good,3,2154,0,34.2440587,-116.91018,,California,United States
Tuscany on Taneycomo Condo,Entire apartment,Branson,7.0,Good,2,614,0,36.6411357,-93.2175285,,Missouri,United States
Sandpiper Cove 1082 Destin Condo,Entire apartment,Destin,,Exceptional,4,746,0,30.3935337,-86.4957834,,Florida,United States
Bay Colony 766 - lower,Entire apartment,Nisswa,9.5,Exceptional,4,643,0,46.5205224,-94.288609,,Minnesota,United States
Reel'Em Inn Condo,Entire apartment,Branson,8.5,Very good,2,566,0,36.6411357,-93.2175285,,Missouri,United States
Redfish Cottage,Entire holiday home,Santa Rosa Beach,9.6,Exceptional,3,663,0,30.3466423,-86.2307992,,Florida,United States
Beachside Two 4214,Entire apartment,"Miramar Beach, Destin",7.5,Good,1,820,0,30.3776819,-86.3415734,,Florida,United States
Slow M'Ocean,Entire apartment,Gulf Shores,7.0,Good,3,882,0,30.2711224,-87.6893826,,Alabama,United States
Borders Lodge,Private suite,Beaver Creek,8.8,Fabulous,2,3395,0,39.6048786,-106.51500172410503,,Colorado,United States
Romantic Getaway - 2 BR Condo At Sugar Top Mountain With Mountain Views! condo,Entire apartment,Sugar Mountain,8.5,Very good,1,1524,0,44.2703396,-74.9599167,,New York,United States
Pathway to the Sea C202,Entire apartment,Corpus Christi,8.8,Fabulous,3,968,0,27.7635302,-97.4033191,Corpus Christi,Texas,United States
Base Village Ski In-Out Luxury Condo #4375 Huge Hot Tub & Great Views - FREE Activities & Equipment Rentals Daily,Entire holiday home,Winter Park,7.0,Good,3,4280,0,28.5977707,-81.3510264,,Florida,United States
SeaCrest 509 condo,Entire apartment,Fort Walton Beach,9.0,Superb,3,685,0,30.4057552,-86.618842,,Florida,United States
SeaCrest 202 condo,Entire apartment,Fort Walton Beach,,Exceptional,3,787,0,30.4057552,-86.618842,,Florida,United States
Sea Palm 1D condo,Entire apartment,Fort Walton Beach,9.0,Superb,3,614,0,30.4057552,-86.618842,,Florida,United States
Luxury Pet Friendly Home In Houston Near All Downtown Attractions - 2707B,Entire apartment,Houston,8.5,Very good,3,555,0,29.7589382,-95.3676974,Houston,Texas,United States
2 Blocks from Beach Parking,Entire apartment,Brigantine,7.0,Good,2,985,0,39.4101171,-74.3645906,,New Jersey,United States
South Bay By The Gulf 062 Townhouse,Entire holiday home,Destin,9.2,Superb,4,795,0,30.3935337,-86.4957834,,Florida,United States
Island Inn,Entire apartment,Oak Bluffs,8.3,Very good,4,759,0,41.4538523,-70.5684713,,Massachusetts,United States
Colony Club F3 condo,Entire apartment,Gulf Shores,8.0,Very good,2,336,0,30.2711224,-87.6893826,,Alabama,United States
SeaCrest 708 condo,Entire apartment,Fort Walton Beach,9.0,Superb,4,787,0,30.4057552,-86.618842,,Florida,United States
The Landmark Orcas Island,Entire apartment,Eastsound,8.8,Fabulous,2,0,0,48.696771,-122.9054625,,Washington,United States
Sugar Top Condos II,Entire apartment,Sugar Mountain,9.1,Superb,2,0,0,44.2703396,-74.9599167,,New York,United States
Moonridge Cottage-1817 by Big Bear Vacations,Entire holiday home,Big Bear Lake,8.0,Very good,2,0,0,34.2440587,-116.91018,,California,United States
The Palms at Seagrove,Entire apartment,Santa Rosa Beach,9.7,Exceptional,3,0,0,30.3466423,-86.2307992,,Florida,United States
Cozy Hollow - 1890 by Big Bear Vacations,Entire holiday home,Big Bear Lake,,Exceptional,3,0,0,34.2440587,-116.91018,,California,United States
Vivid Escape in Gulf Shores - Walk to the Beach!,Entire apartment,Gulf Shores,8.0,Very good,3,0,0,30.2711224,-87.6893826,,Alabama,United States
The Summit at Massanutten Resort by TripForth,Entire apartment,McGaheysville,8.6,Fabulous,4,0,0,38.3712399,-78.7322449,,Virginia,United States
Atol Quad #2 home,Entire holiday home,South Padre Island,,Exceptional,1,0,0,26.1036887,-97.1646938,,Texas,United States
The Palace at Kingston East,Entire apartment,Rexburg,9.9,Exceptional,2,0,408,43.8235163,-111.787022,Rexburg,Idaho,United States
Island North 14C - 2nd row stunner! Relax in comfort after your days in the sun condo,Entire apartment,Carolina Beach,7.0,Good,1,0,257,34.0351727,-77.8935966,,North Carolina,United States
El Constante 208,Entire apartment,Corpus Christi,8.6,Fabulous,2,0,0,27.7635302,-97.4033191,Corpus Christi,Texas,United States
Jumpin' Jack Frost,Entire holiday home,Lake Harmony,9.0,Superb,4,0,246,41.0605209,-75.5916339,Kidder Township,Pennsylvania,United States
Pinnacle,Entire apartment,Beech Mountain,7.1,Good,3,0,0,36.2090865,-81.8817963798302,,North Carolina,United States
108 West Morningside Townhouse,Entire apartment,South Padre Island,9.0,Superb,4,0,422,26.1036887,-97.1646938,,Texas,United States
SeaCrest 605 condo,Entire apartment,Fort Walton Beach,9.0,Superb,4,0,0,30.4057552,-86.618842,,Florida,United States
Live Oak Landing,2 entire bungalow,Freeport,9.1,Superb,2,0,0,42.2966861,-89.6212271,,Illinois,United States
River Romance,Entire holiday home,Sylva,8.1,Very good,3,0,0,35.3737111,-83.2259803,,North Carolina,United States
Barefoot Cottages #B10,Entire holiday home,Highland View,9.4,Superb,5,0,0,40.8817975,-96.743984,Lincoln,Nebraska,United States
Smoky Mountain Moondance,Entire holiday home,Bryson City,9.7,Exceptional,1,0,0,35.4309291,-83.447381,,North Carolina,United States
Little River Resort,Entire apartment,Pinehurst,7.7,Good,5,0,0,30.1071543,-93.7746117,,Texas,United States
Unplugged Mountain Retreat,Entire holiday home,Ellijay,8.5,Very good,3,0,0,34.6950278,-84.4827394,,Georgia,United States
Pili Mai,Private suite,Kipu,9.5,Exceptional,4,0,0,21.9504052,-159.4211843,,Hawaii,United States
Sunset Penthouse Condo,Entire apartment,Branson,9.8,Exceptional,2,0,0,36.6411357,-93.2175285,,Missouri,United States
Island Royale P504 Condo,Entire apartment,Gulf Shores,9.5,Exceptional,3,0,0,30.2711224,-87.6893826,,Alabama,United States
Flaming Gorge Resort,2 private suite,Dutch John,8.0,Very good,2,0,0,40.9295478,-109.391282,,Utah,United States
Dolphin Point Condo 202A Condo,Entire apartment,Destin,9.2,Superb,4,0,0,30.3935337,-86.4957834,,Florida,United States
Luxury new Home/Museum/Med. Ctr/dwn twn*FAMILIES,Entire apartment,Houston,,Exceptional,3,0,0,29.7589382,-95.3676974,Houston,Texas,United States
Holiday Surf & Racquet Club 510,Entire apartment,Destin,9.5,Exceptional,2,0,0,30.3935337,-86.4957834,,Florida,United States
South Bay Inn,Entire apartment,Anna Maria,8.5,Very good,4,0,0,6.7337014,-58.1342698,,Demerara-Mahaica,Guyana
Catalina Creekside Cabin 372,Entire holiday home,Big Bear Lake,9.7,Exceptional,2,0,0,34.2440587,-116.91018,,California,United States
Hollywood Beach Tower by Capital Vacations,2 entire apartment,"Hollywood Beach, Hollywood",7.4,Good,2,0,0,26.0281452,-80.1142111,Hollywood,Florida,United States
Beach House Condo Unit #302,Entire apartment,South Padre Island,8.0,Very good,3,0,0,26.1036887,-97.1646938,,Texas,United States
Holiday Surf & Racquet 614 Condo,Entire apartment,Destin,9.5,Exceptional,4,0,0,30.3935337,-86.4957834,,Florida,United States
Harbor Watch with Boat Slip condo,Entire apartment,Carolina Beach,8.0,Very good,1,0,0,34.0351727,-77.8935966,,North Carolina,United States
Bay Colony Unit 771 - Upper Level,Entire apartment,Nisswa,,Exceptional,1,0,0,46.5205224,-94.288609,,Minnesota,United States
Royal Oak 111 Condo,Entire apartment,Blowing Rock,8.3,Very good,3,0,0,36.1350245,-81.6777907,,North Carolina,United States
Hollowed Branch Hideaway Condo,Entire apartment,Branson,,Exceptional,2,0,0,36.6411357,-93.2175285,,Missouri,United States
Cabin #1 - Cedar Village cabin,Entire holiday home,Carp Lake,,Exceptional,3,0,0,45.697234,-84.750049,,Michigan,United States
Escape to Hilton Head! Two Bedroom Villa Just A Short Walk To Beach! villa,Entire vill,Hilton Head Island,8.0,Very good,4,0,0,32.1618488,-80.7512616,,South Carolina,United States
Village by the Beach P903K,Entire vill,Corpus Christi,9.0,Superb,6,0,0,27.7635302,-97.4033191,Corpus Christi,Texas,United States
Charmer-King Bd/Soaker Tub/Air Hockey on Quiet St!,Entire holiday home,Kansas City,,Exceptional,5,0,0,39.100105,-94.5781416,Downtown Kansas City,Missouri,United States
SeaCrest 211 condo,Entire apartment,Fort Walton Beach,9.5,Exceptional,3,0,0,30.4057552,-86.618842,,Florida,United States
Shoreline Towers 1063 Condo,Entire apartment,Destin,,Exceptional,3,0,382,30.3935337,-86.4957834,,Florida,United States
The Ingrid Apt #8 - Fresh and Simple 2bd with WiFi,Entire apartment,Hamilton,9.5,Exceptional,3,0,0,43.2560802,-79.8728583,Hamilton,Ontario,Canada
Inlet Reef Condo 316 Condo,Entire apartment,Destin,9.5,Exceptional,4,0,423,30.3935337,-86.4957834,,Florida,United States
Mermaid Manor Cottage,Entire holiday home,"North Myrtle Beach, Myrtle Beach",,Exceptional,4,0,0,33.81478475,-78.67986991215972,,South Carolina,United States
Harbour Island 402L home,Entire apartment,"Boardwalk, Ocean City",,Exceptional,1,518,0,39.2679447,-74.586521,,New Jersey,United States
The Globe Inn,Private suite,East Greenville,9.1,Superb,1,766,0,40.4064882,-75.5018479,,Pennsylvania,United States
Massanutten's Regal Vistas by TripForth,Entire apartment,McGaheysville,8.8,Fabulous,1,1808,0,38.3712399,-78.7322449,,Virginia,United States
Colony Club U3,Entire apartment,Gulf Shores,9.0,Superb,2,606,0,30.2711224,-87.6893826,,Alabama,United States
The Anna Maria Island Beach Palms 7A,Entire apartment,Bradenton Beach,8.0,Very good,4,1305,0,27.4682554,-82.6995822,,Florida,United States
Restful hangout,Entire apartment,Bullhead City,,Exceptional,1,385,0,35.1477774,-114.568298,Bullhead City,Arizona,United States
Island Club of Hilton Head by TS,Entire apartment,Hilton Head Island,,Exceptional,3,2737,0,32.1618488,-80.7512616,,South Carolina,United States
The Landmark Orcas Island,Entire apartment,Eastsound,8.8,Fabulous,2,809,0,48.696771,-122.9054625,,Washington,United States
Sugar Top Condos II,Entire apartment,Sugar Mountain,9.1,Superb,2,985,0,44.2703396,-74.9599167,,New York,United States
Moonridge Cottage-1817 by Big Bear Vacations,Entire holiday home,Big Bear Lake,8.0,Very good,2,2697,0,34.2440587,-116.91018,,California,United States
The Palms at Seagrove,Entire apartment,Santa Rosa Beach,9.7,Exceptional,3,653,0,30.3466423,-86.2307992,,Florida,United States
Cozy Hollow - 1890 by Big Bear Vacations,Entire holiday home,Big Bear Lake,,Exceptional,3,2301,0,34.2440587,-116.91018,,California,United States
Vivid Escape in Gulf Shores - Walk to the Beach!,Entire apartment,Gulf Shores,8.0,Very good,3,509,0,30.2711224,-87.6893826,,Alabama,United States
The Summit at Massanutten Resort by TripForth,Entire apartment,McGaheysville,8.6,Fabulous,4,1420,0,38.3712399,-78.7322449,,Virginia,United States
The Palace at Kingston East,Entire apartment,Rexburg,9.9,Exceptional,2,1031,0,43.8235163,-111.787022,Rexburg,Idaho,United States
Island North 14C - 2nd row stunner! Relax in comfort after your days in the sun condo,Entire apartment,Carolina Beach,7.0,Good,1,845,0,34.0351727,-77.8935966,,North Carolina,United States
El Constante 208,Entire apartment,Corpus Christi,8.6,Fabulous,2,2336,0,27.7635302,-97.4033191,Corpus Christi,Texas,United States
Jumpin' Jack Frost,Entire holiday home,Lake Harmony,9.0,Superb,4,928,0,41.0605209,-75.5916339,Kidder Township,Pennsylvania,United States
Pinnacle,Entire apartment,Beech Mountain,7.1,Good,3,803,0,36.2090865,-81.8817963798302,,North Carolina,United States
108 West Morningside Townhouse,Entire apartment,South Padre Island,9.0,Superb,4,800,0,26.1036887,-97.1646938,,Texas,United States
SeaCrest 605 condo,Entire apartment,Fort Walton Beach,9.0,Superb,4,787,0,30.4057552,-86.618842,,Florida,United States
Live Oak Landing,2 entire bungalow,Freeport,9.1,Superb,2,1190,0,42.2966861,-89.6212271,,Illinois,United States
River Romance,Entire holiday home,Sylva,8.1,Very good,3,670,0,35.3737111,-83.2259803,,North Carolina,United States
Barefoot Cottages #B10,Entire holiday home,Highland View,9.4,Superb,5,439,279,40.8817975,-96.743984,Lincoln,Nebraska,United States
Unique Balinese Home Just 30 Seconds to the Sand!,Entire holiday home,New Smyrna Beach,,Exceptional,3,1443,0,29.0258132,-80.9271271,New Smyrna Beach,Florida,United States
Fairway Golf Condo Close to Beach and Shopping condo,Entire apartment,Calabash,7.9,Good,4,346,232,33.8907278,-78.5683446,,North Carolina,United States
Smoky Mountain Moondance,Entire holiday home,Bryson City,9.7,Exceptional,1,2004,286,35.4309291,-83.447381,,North Carolina,United States
Little River Resort,Entire apartment,Pinehurst,7.7,Good,5,787,464,30.1071543,-93.7746117,,Texas,United States
Unplugged Mountain Retreat,Entire holiday home,Ellijay,8.5,Very good,3,652,234,34.6950278,-84.4827394,,Georgia,United States
Pili Mai,Private suite,Kipu,9.5,Exceptional,4,1174,337,21.9504052,-159.4211843,,Hawaii,United States
Cozy Keyes Cottage,Entire holiday home,Winthrop,9.0,Superb,4,2376,0,42.3750976,-70.982827,,Massachusetts,United States
Luxury Holistic Oasis by Bayshore/Hyde Park/SoHo,Entire holiday home,Tampa,,Exceptional,2,1983,427,27.9477595,-82.458444,Tampa,Florida,United States
Cora Lee Gulfview by Padre Getaways,Entire apartment,South Padre Island,9.2,Superb,3,607,0,26.1036887,-97.1646938,,Texas,United States
Hungry Horse Cabin with Patio and Fire Pit-Near Glacier,Entire holiday home,Hungry Horse,7.5,Good,2,630,0,48.382564,-114.05596460903769,,Montana,United States
Nantucket Rainbow Cottages,Entire apartment,Destin,7.2,Good,4,324,262,30.3935337,-86.4957834,,Florida,United States
Beacon Quarters by KEES Vacations,Entire apartment,Corolla,8.6,Fabulous,3,563,0,36.3847464,-75.8286983,,North Carolina,United States
Gorgeous Oceanfront villa with Panoramic views!!!,Entire apartment,Avalon,9.2,Superb,3,2801,126,33.34221,-118.3272612,,California,United States
Whale - Watcher's Perch,Entire holiday home,Depoe Bay,8.0,Very good,2,390,654,44.8104233,-124.0620096,,Oregon,United States
Ocean Pines Resort by Capital Vacations,Entire apartment,Duck,7.6,Good,4,549,204,36.1700137,-75.7559261,,North Carolina,United States
View Of Red Mountain From 2 Br Condo Condo,Entire apartment,Crested Butte,9.0,Superb,1,3028,561,38.8698201,-106.984043,,Colorado,United States
Skyleaf,Entire apartment,Sugar Mountain,7.9,Good,3,1069,0,44.2703396,-74.9599167,,New York,United States
La Playita & Flip Flop Fun,Entire apartment,St. George Island,8.9,Fabulous,1,826,872,56.573651,-169.5836273671079,,Alaska,United States
Sandpiper Cove 3209 condo,Entire apartment,Destin,,Exceptional,4,750,156,30.3935337,-86.4957834,,Florida,United States
Great Rock Resort at Branson,Entire apartment,Branson,8.0,Very good,2,564,0,36.6411357,-93.2175285,,Missouri,United States
Wooded Views Seclude Condo,Entire apartment,Fernandina Beach,,Exceptional,3,1463,0,30.6696818,-81.4625919,,Florida,United States
Majestic Sun,Entire apartment,"Miramar Beach, Destin",7.9,Good,4,557,0,30.3776819,-86.3415734,,Florida,United States
Capri 1908,Entire apartment,"North Ocean City, Ocean City",8.3,Very good,5,571,0,38.430173100000005,-75.05890232007498,Ocean City,Maryland,United States
Clearwater Beach Suites 106 condo,Entire apartment,Clearwater Beach,7.0,Good,4,1516,0,27.9774736,-82.8279313,Clearwater,Florida,United States
Venus Lodges Condos,Entire apartment,Gatlinburg,8.4,Very good,3,853,0,35.714259,-83.5101638,,Tennessee,United States
Kure Beach Villa - Enjoy three levels of luxury! Outdoor pool and garage parking! townhouse,Entire holiday home,Kure Beach,,Exceptional,1,1047,0,33.9968399,-77.9072081,,North Carolina,United States
Seacrest 610 is a 2 BR Gulfside on Okaloosa Island condo,Entire apartment,Fort Walton Beach,9.2,Superb,3,847,0,30.4057552,-86.618842,,Florida,United States
The Beach Barn,Entire holiday home,Netarts,8.5,Very good,5,509,0,45.436403600000006,-123.94760187660575,,Oregon,United States
Edgewater Condo Unit #304,Entire apartment,South Padre Island,,Exceptional,3,1151,0,26.1036887,-97.1646938,,Texas,United States
Holiday Surf & Racquet Club 604R,Entire apartment,Destin,,Exceptional,3,1043,0,30.3935337,-86.4957834,,Florida,United States
Hidden Dunes,Entire apartment,"Miramar Beach, Destin",7.8,Good,4,570,0,30.3776819,-86.3415734,,Florida,United States
Village by the Beach P907K,Entire vill,Corpus Christi,8.0,Very good,0,1396,0,27.7635302,-97.4033191,Corpus Christi,Texas,United States
Beach House IV,Entire apartment,"Miramar Beach, Destin",8.6,Fabulous,4,469,0,30.3776819,-86.3415734,,Florida,United States
Inlet Reef 516 Destin Condo,Entire apartment,Destin,,Exceptional,4,1110,0,30.3935337,-86.4957834,,Florida,United States
Destin On The Gulf 406 Condo,Entire apartment,Destin,9.2,Superb,3,1319,0,30.3935337,-86.4957834,,Florida,United States
Sandpiper Cove 2136 Destin Condo,Entire apartment,Destin,,Exceptional,3,1137,0,30.3935337,-86.4957834,,Florida,United States
The Cliffside Resort Condominiums,Entire bungalow,Greenport,8.5,Very good,4,1186,0,41.1034234,-72.3592777,,New York,United States
Glades View Condos,Entire apartment,Gatlinburg,8.2,Very good,3,781,0,35.714259,-83.5101638,,Tennessee,United States
Blue Surf 14B Townhouse,Entire holiday home,"Miramar Beach, Destin",9.0,Superb,2,0,0,30.3776819,-86.3415734,,Florida,United States
Braemar 503N,Entire apartment,"North Ocean City, Ocean City",7.8,Good,5,0,0,38.430173100000005,-75.05890232007498,Ocean City,Maryland,United States
Venus 306 condo,Entire apartment,Fort Walton Beach,8.0,Very good,3,0,0,30.4057552,-86.618842,,Florida,United States
Sandpiper Cove 7201 Destin Condo,Entire apartment,Destin,9.7,Exceptional,4,0,0,30.3935337,-86.4957834,,Florida,United States
Constellation House 510,Entire apartment,"Midtown, Ocean City",8.0,Very good,7,0,0,38.3926679,-75.06488315,Ocean City,Maryland,United States
"Great location, super cute & spacious Folly Vacation Apt B",Entire apartment,Folly Beach,9.7,Exceptional,3,0,0,32.6549967,-79.9406093,,South Carolina,United States
Southern Sands 303 Condo,Entire apartment,Gulf Shores,8.8,Fabulous,4,0,0,30.2711224,-87.6893826,,Alabama,United States
Beautiful Lakefront Condo - 5 Min Walk to Beach!,Entire apartment,Myrtle Beach,,Exceptional,3,0,0,33.6956461,-78.8900409,Myrtle Beach,South Carolina,United States
The Lighthouse Condos,Entire apartment,Gulf Shores,8.3,Very good,1,0,0,30.2711224,-87.6893826,,Alabama,United States
Ariel Dunes II,Private suite,"Miramar Beach, Destin",8.2,Very good,4,0,0,30.3776819,-86.3415734,,Florida,United States
Modern Gulf Shores Cottage with Pool and Beach Access!,Entire holiday home,Gulf Shores,,Exceptional,2,0,0,30.2711224,-87.6893826,,Alabama,United States
The Palms of Destin,Entire apartment,Destin,7.4,Good,4,0,0,30.3935337,-86.4957834,,Florida,United States
Lakefront Viking Oasis,Entire apartment,Big Bear Lake,,Exceptional,2,0,0,34.2440587,-116.91018,,California,United States
Outer Banks Motel - Village Accommodations,Entire holiday home,Buxton,8.0,Very good,6,0,0,53.2593422,-1.9100768,High Peak,England,United Kingdom
Inlet Reef 204 Destin Condo,Entire apartment,Destin,8.0,Very good,4,0,0,30.3935337,-86.4957834,,Florida,United States
Sunrise Village 212 Condo,Entire apartment,Gulf Shores,8.0,Very good,3,0,0,30.2711224,-87.6893826,,Alabama,United States
Baskin's Creek Condos III,Entire apartment,Gatlinburg,9.0,Superb,3,0,0,35.714259,-83.5101638,,Tennessee,United States
El Constante 236,Entire apartment,Corpus Christi,,Exceptional,3,0,0,27.7635302,-97.4033191,Corpus Christi,Texas,United States
East Pass Towers 305 Condo,Entire apartment,Destin,9.5,Exceptional,3,0,0,30.3935337,-86.4957834,,Florida,United States
Village by the Beach L824K,Entire vill,Corpus Christi,,Exceptional,3,0,0,27.7635302,-97.4033191,Corpus Christi,Texas,United States
Village of Winnipesaukee,Entire apartment,Laconia,8.2,Very good,5,0,0,43.5278546,-71.470351,Laconia,New Hampshire,United States
Baskins Creek Condos II,Entire apartment,Gatlinburg,9.1,Superb,3,0,0,35.714259,-83.5101638,,Tennessee,United States
Atlantic Winds Condos,Private suite,"North Myrtle Beach, Myrtle Beach",8.2,Very good,3,0,0,33.81478475,-78.67986991215972,,South Carolina,United States
Beary Charming,Entire chalet,Gatlinburg,9.1,Superb,2,2672,0,35.714259,-83.5101638,,Tennessee,United States
Coastal Condo with Pool Access - Walk to Apache Pier,Entire holiday home,Myrtle Beach,,Exceptional,2,349,0,33.6956461,-78.8900409,Myrtle Beach,South Carolina,United States
Sunswept 203 Condo,Entire apartment,Orange Beach,,Exceptional,3,695,0,30.282839799999998,-87.62460710389821,Orange Beach,Alabama,United States
Crystal Sands Condominiums,Entire apartment,Destin,8.6,Fabulous,4,464,0,30.3935337,-86.4957834,,Florida,United States
Barefoot Cottages #B16,Entire holiday home,Highland View,,Exceptional,3,442,0,40.8817975,-96.743984,Lincoln,Nebraska,United States
Lake Texoma Cabin - 1 Mi to Park and Boat Ramp,Entire holiday home,Willow Spring,9.0,Superb,2,352,0,34.6700217,-112.863239,,Arizona,United States
Horseshoe Bay Haven,Entire holiday home,Horseshoe Bay,8.5,Very good,4,605,0,30.5442091,-98.3669797,,Texas,United States
Vacation house in lake Isabella town,Entire holiday home,Lake Isabella,8.0,Very good,1,498,0,35.6132276,-118.4777199,,California,United States
Baskin's Creek Condos IV,Entire apartment,Gatlinburg,8.8,Fabulous,3,1476,0,35.714259,-83.5101638,,Tennessee,United States
Crystal Shores 1403 Condo,Entire apartment,Gulf Shores,,Exceptional,2,467,0,30.2711224,-87.6893826,,Alabama,United States
Sunset Breeze #4,Entire holiday home,Dauphin Island,7.0,Good,5,424,0,30.2542022,-88.1124817,,Alabama,United States
Inlet Reef 102 Destin Condo,Entire apartment,Destin,9.3,Superb,4,1546,0,30.3935337,-86.4957834,,Florida,United States
Inlet Reef 605 Condo Condo,Entire apartment,Destin,,Exceptional,3,1504,0,30.3935337,-86.4957834,,Florida,United States
Holiday Surf & Racquet Club 718,Entire apartment,Destin,,Exceptional,2,1042,0,30.3935337,-86.4957834,,Florida,United States
Holiday Surf & Racquet Club 324,Entire apartment,Destin,,Exceptional,3,1042,0,30.3935337,-86.4957834,,Florida,United States
RV Adventure - Private river access a short walk away!,Entire holiday home,Canyon Lake,9.3,Superb,4,359,0,33.6836539,-117.262615,,California,United States
ARTSY FLORIDIAN HOME a hidden gem a plain sight!,Entire apartment,North Miami Beach,,Exceptional,3,3338,0,25.9331488,-80.1625463,,Florida,United States
Ocean Reef Condos,Entire apartment,Gulf Shores,8.2,Very good,5,356,0,30.2711224,-87.6893826,,Alabama,United States
Destin On The Gulf 407 Condo,Entire apartment,Destin,8.5,Very good,3,1319,0,30.3935337,-86.4957834,,Florida,United States
Inlet Reef 205 Destin Apts,Entire apartment,Destin,9.0,Superb,4,0,0,30.3935337,-86.4957834,,Florida,United States
Destin On The Gulf 505 Condo,Entire apartment,Destin,,Exceptional,3,0,0,30.3935337,-86.4957834,,Florida,United States
Inlet Reef Condo 603 Condo,Entire apartment,Destin,8.0,Very good,3,0,0,30.3935337,-86.4957834,,Florida,United States
Sand Dollar 14 Condo,Entire apartment,Gulf Shores,,Exceptional,2,0,0,30.2711224,-87.6893826,,Alabama,United States
Sterling Reef,Entire apartment,Panama City Beach,8.1,Very good,3,0,0,30.1765914,-85.805386,,Florida,United States
The Beach Club Resort and Spa II,Entire apartment,Gulf Shores,8.6,Fabulous,4,0,0,30.2711224,-87.6893826,,Alabama,United States
Seychelles Beach Resort IV,Entire apartment,Panama City Beach,8.5,Very good,3,0,0,30.1765914,-85.805386,,Florida,United States
Island Sunrise,Entire apartment,Gulf Shores,8.5,Very good,3,0,0,30.2711224,-87.6893826,,Alabama,United States
Villa Signature,Entire apartment,"North Scottsdale, Scottsdale",9.6,Exceptional,3,0,0,33.49315465,-111.92078962182588,Scottsdale,Arizona,United States
Queens Grant,Entire apartment,Hilton Head Island,7.8,Good,1,0,0,32.1618488,-80.7512616,,South Carolina,United States
Jade East Condominiums,Private suite,Destin,8.0,Very good,4,0,0,30.3935337,-86.4957834,,Florida,United States
Ocean View Condo with Pool and Golf Course Access,Entire apartment,Ocean View,,Exceptional,2,0,0,38.5451122,-75.0890709,,Delaware,United States
Lakefront Beachview 2BR Condo Sleep 6 Close to Boardwalk,Entire apartment,Carolina Beach,9.3,Superb,3,0,0,34.0351727,-77.8935966,,North Carolina,United States
Michaels Surfside Cabanas,Entire apartment,Clearwater Beach,9.0,Superb,2,0,0,27.9774736,-82.8279313,Clearwater,Florida,United States
"Beautiful Views! Jacuzzi, Indoor Outdoor Fireplace, Steps to Lake Estes",Entire holiday home,Estes Park,9.0,Superb,4,0,0,40.369766,-105.54968963482818,,Colorado,United States
SeaCrest 604 condo,Entire apartment,Fort Walton Beach,8.4,Very good,3,0,0,30.4057552,-86.618842,,Florida,United States
Seaside Escape Less Than 1 Mi to Cape May Public Beach,Entire apartment,West Cape May,9.0,Superb,3,0,0,38.9387236,-74.9418404,,New Jersey,United States
Village by the Gulf,Private suite,Gulf Shores,8.3,Very good,4,0,0,30.2711224,-87.6893826,,Alabama,United States
"Mermaid House Bar,Sea-Deck,30' GLASS WALL,HOT TUB, E-BIKE",Entire holiday home,Onset,,Exceptional,5,0,0,41.7417714,-70.6578104,,Massachusetts,United States
Beach House V,Entire apartment,"Miramar Beach, Destin",8.3,Very good,4,0,0,30.3776819,-86.3415734,,Florida,United States
Riverside Escape & Roaring Romance,Entire apartment,Gatlinburg,9.1,Superb,2,0,0,35.714259,-83.5101638,,Tennessee,United States
Buck's Hideout,Entire holiday home,Bridgton,9.2,Superb,4,0,0,44.055025,-70.713501,,Maine,United States
Short Walk to the Beach Condo,Entire apartment,Fernandina Beach,,Exceptional,3,1625,453,30.6696818,-81.4625919,,Florida,United States
Atlantic View Tropical Condo,Entire apartment,Fernandina Beach,8.0,Very good,3,1625,0,30.6696818,-81.4625919,,Florida,United States
Surf Side Shores 1405 Condo,Entire apartment,Gulf Shores,9.0,Superb,3,609,0,30.2711224,-87.6893826,,Alabama,United States
Rustic Mountain Cabin,Entire holiday home,Ellijay,8.6,Fabulous,4,806,382,34.6950278,-84.4827394,,Georgia,United States
O'Brien's Oasis,Entire holiday home,Miramonte,9.5,Exceptional,2,624,0,36.6924476,-119.0523321,,California,United States
Sea Breeze 318 Condo,Entire apartment,Gulf Shores,,Exceptional,2,336,0,30.2711224,-87.6893826,,Alabama,United States
Inlet Reef 213 Destin Condo,Entire apartment,Destin,8.0,Very good,3,1285,274,30.3935337,-86.4957834,,Florida,United States
Dolphin Point Condo 103B Condo,Entire apartment,Destin,,Exceptional,3,775,305,30.3935337,-86.4957834,,Florida,United States
Casa Del Mar Beachfront II,Entire holiday home,"West End, Galveston",7.9,Good,4,303,0,29.14535815,-95.04689286859056,Galveston,Texas,United States
Oceanfront White Stone Cottage with Private Beach!,Entire holiday home,White Stone,7.7,Good,5,0,0,37.6484751,-76.3891188,,Virginia,United States
Gulf Place Cabanas,Entire apartment,Santa Rosa Beach,8.4,Very good,3,0,0,30.3466423,-86.2307992,,Florida,United States
Club Regency at Regency Towers,Private suite,"The Market Common, Myrtle Beach",8.9,Fabulous,5,0,0,33.6706705,-78.94021322362671,Myrtle Beach,South Carolina,United States
Mountain Roots Lodging,Entire apartment,Big Meadows,8.7,Fabulous,1,0,0,38.5265132,-78.4397292,,Virginia,United States
Laketown Wharf IV,Entire apartment,Panama City Beach,7.5,Good,4,0,0,30.1765914,-85.805386,,Florida,United States
La Santorini del Sur,Entire apartment,South Padre Island,7.9,Good,5,0,0,26.1036887,-97.1646938,,Texas,United States
Amalfi Coast A204,Entire apartment,"Miramar Beach, Destin",8.4,Very good,4,0,0,30.3776819,-86.3415734,,Florida,United States
Ocean Villa,Entire apartment,Panama City Beach,8.2,Very good,3,0,0,30.1765914,-85.805386,,Florida,United States
Wild Irishman 1043,Entire holiday home,"West Keystone, Keystone",9.0,Superb,4,0,0,39.60193325,-105.9827933332479,,Colorado,United States
Redfish Village Condos,Entire apartment,Santa Rosa Beach,8.8,Fabulous,3,0,0,30.3466423,-86.2307992,,Florida,United States
Cabin in the Gap,Entire holiday home,Bryson City,8.3,Very good,2,0,0,35.4309291,-83.447381,,North Carolina,United States
Tidewater Beach Resort VIII,Entire apartment,Panama City Beach,8.0,Very good,4,0,0,30.1765914,-85.805386,,Florida,United States
"Stroll to Slopes, Village Area, Ski in-out MtLodge 304",Entire apartment,Snowshoe,7.9,Good,4,0,0,38.4128243,-79.9964421,,West Virginia,United States
River Place Condos,Entire apartment,Pigeon Forge,8.9,Fabulous,1,0,0,35.7884241,-83.5543329,,Tennessee,United States
Beach Cabin Getaway,Entire holiday home,Rockaway Beach,8.5,Very good,4,0,0,45.613598,-123.943147,,Oregon,United States
Sonder at 549 Peachtree,Private suite,"Downtown Atlanta, Atlanta",7.5,Good,3,0,0,33.7543408,-84.3870791,Atlanta,Georgia,United States
Sisters Downtown 1930s Cottage,Entire holiday home,Sisters,8.2,Very good,4,0,0,44.290948,-121.5492516,,Oregon,United States
TWO BEDROOM HOUSE WITH FREE PARKING,Entire apartment,Lorain,8.0,Very good,1,0,0,41.4673238,-82.1781904,Lorain,Ohio,United States
Large Patio with Ocean Views Beach Block Parking Unit 3,Entire apartment,Ventnor City,,Exceptional,4,0,0,39.3405045,-74.4773916,,New Jersey,United States
Peaceful Providence Guesthouse,Entire holiday home,Luckenbach,7.6,Good,2,676,245,50.7041081,7.8336938,,Rheinland-Pfalz,Deutschland
Crystal Tower Condominiums,Entire apartment,Gulf Shores,8.3,Very good,3,381,342,30.2711224,-87.6893826,,Alabama,United States
Majestic Beach Resort,Entire apartment,Panama City Beach,7.8,Good,3,427,334,30.1765914,-85.805386,,Florida,United States
Tidewater Beach Resort XI,Entire apartment,Panama City Beach,7.7,Good,4,330,0,30.1765914,-85.805386,,Florida,United States
La Vista Blanc,Entire holiday home,Mammoth Lakes,9.2,Superb,2,1643,272,37.6432525,-118.9668509,,California,United States
Island Beach & Racquet Club II,Entire apartment,Atlantic Beach,8.3,Very good,1,324,286,40.5886547,-73.7288791,,New York,United States
Blairsville Cottage Less Than 1 Mi to Nottely Lake!,Entire holiday home,Blairsville,9.0,Superb,5,748,417,34.8759067,-83.958371,,Georgia,United States
Terraces,Entire holiday home,"Telluride Mountain Village, Telluride",9.7,Exceptional,3,3328,223,37.91239469999999,-107.83910733019943,,Colorado,United States
Sunrise Beach Resort III,Entire apartment,Panama City Beach,8.7,Fabulous,4,349,244,30.1765914,-85.805386,,Florida,United States
"2nd level duplex, Downtown Houston near Toyota Center, Smoking allowed on Balcony!",Entire apartment,Houston,8.6,Fabulous,3,392,281,29.7589382,-95.3676974,Houston,Texas,United States
Ampersand Bay Resort,Entire bungalow,Saranac Lake,8.6,Fabulous,4,2439,155,44.329497,-74.131279,,New York,United States
Crystal Shores West Condos,Entire apartment,Gulf Shores,9.1,Superb,3,463,0,30.2711224,-87.6893826,,Alabama,United States
Su Casa at Venice Beach,Entire apartment,"Venice Beach, Los Angeles",8.0,Very good,2,1424,271,33.97996005,-118.46878181253348,Los Angeles,California,United States
"NEW Folly Vacation Listing, Perfect Purple Palace Apt A",Entire apartment,Folly Beach,9.4,Superb,3,1824,331,32.6549967,-79.9406093,,South Carolina,United States
The Beach Club Resort and Spa,Entire apartment,Gulf Shores,8.6,Fabulous,1,477,128,30.2711224,-87.6893826,,Alabama,United States
Stone Fence Resort,2 entire apartment,Ogdensburg,7.6,Good,2,1348,238,44.694285,-75.486374,,New York,United States
Costa Crinks at Aransas Princess,Entire apartment,Port Aransas,9.0,Superb,4,0,0,27.8332175,-97.0618324,,Texas,United States
The Lodge at Steamboat by Vacasa,Entire apartment,Steamboat Springs,8.8,Fabulous,4,0,0,40.4848003,-106.8317359,,Colorado,United States
Beachside condo with heated pool,Entire apartment,Gulf Shores,,Exceptional,3,0,0,30.2711224,-87.6893826,,Alabama,United States
Beach Retreat,Entire apartment,"Downtown Myrtle Beach, Myrtle Beach",7.2,Good,3,0,0,33.6945202,-78.8835706,Myrtle Beach,South Carolina,United States
Beachview,Entire apartment,Navarre,8.4,Very good,4,0,0,42.61254875,-1.830787673361753,,Navarra - Nafarroa,España
Sterling Breeze 4,Entire apartment,Panama City Beach,8.6,Fabulous,3,0,0,30.1765914,-85.805386,,Florida,United States
Hillside Haven,Entire holiday home,Blue Ridge,8.5,Very good,3,0,0,33.2992786,-96.4021168,,Texas,United States
Beach House I,Entire apartment,"Miramar Beach, Destin",8.0,Very good,4,0,0,30.3776819,-86.3415734,,Florida,United States
Frontdesk Osborn Apts Downtown Cleveland,Entire apartment,"Downtown Cleveland, Cleveland",8.6,Fabulous,2,0,0,35.14023735,-97.39468693478696,,Oklahoma,United States
Regency Isle,Entire apartment,Orange Beach,8.3,Very good,3,0,0,30.282839799999998,-87.62460710389821,Orange Beach,Alabama,United States
Red Bird Cottage,Entire holiday home,Wimberley,,Exceptional,2,0,0,29.9976807,-98.0987896,,Texas,United States
Peaceful Providence Guesthouse,Entire holiday home,Luckenbach,7.6,Good,2,0,310,50.7041081,7.8336938,,Rheinland-Pfalz,Deutschland
Crystal Tower Condominiums,Entire apartment,Gulf Shores,8.3,Very good,3,0,262,30.2711224,-87.6893826,,Alabama,United States
Majestic Beach Resort,Entire apartment,Panama City Beach,7.8,Good,3,0,214,30.1765914,-85.805386,,Florida,United States
Tidewater Beach Resort XI,Entire apartment,Panama City Beach,7.7,Good,4,0,0,30.1765914,-85.805386,,Florida,United States
La Vista Blanc,Entire holiday home,Mammoth Lakes,9.2,Superb,2,0,226,37.6432525,-118.9668509,,California,United States
Island Beach & Racquet Club II,Entire apartment,Atlantic Beach,8.3,Very good,1,0,214,40.5886547,-73.7288791,,New York,United States
Blairsville Cottage Less Than 1 Mi to Nottely Lake!,Entire holiday home,Blairsville,9.0,Superb,5,0,0,34.8759067,-83.958371,,Georgia,United States
Terraces,Entire holiday home,"Telluride Mountain Village, Telluride",9.7,Exceptional,3,0,356,37.91239469999999,-107.83910733019943,,Colorado,United States
Sunrise Beach Resort III,Entire apartment,Panama City Beach,8.7,Fabulous,4,0,268,30.1765914,-85.805386,,Florida,United States
"2nd level duplex, Downtown Houston near Toyota Center, Smoking allowed on Balcony!",Entire apartment,Houston,8.6,Fabulous,3,0,0,29.7589382,-95.3676974,Houston,Texas,United States
Ampersand Bay Resort,Entire bungalow,Saranac Lake,8.6,Fabulous,4,0,0,44.329497,-74.131279,,New York,United States
Crystal Shores West Condos,Entire apartment,Gulf Shores,9.1,Superb,3,0,0,30.2711224,-87.6893826,,Alabama,United States
Su Casa at Venice Beach,Entire apartment,"Venice Beach, Los Angeles",8.0,Very good,2,0,0,33.97996005,-118.46878181253348,Los Angeles,California,United States
"NEW Folly Vacation Listing, Perfect Purple Palace Apt A",Entire apartment,Folly Beach,9.4,Superb,3,0,0,32.6549967,-79.9406093,,South Carolina,United States
The Beach Club Resort and Spa,Entire apartment,Gulf Shores,8.6,Fabulous,1,0,0,30.2711224,-87.6893826,,Alabama,United States
Stone Fence Resort,2 entire apartment,Ogdensburg,7.6,Good,2,0,0,44.694285,-75.486374,,New York,United States
Kimberlys Hope Clark Apt on Farm with Pool Access,Entire apartment,Clark,9.0,Superb,3,0,0,39.3260541,-87.7838526,,Illinois,United States
Designer Downtown Los Angeles Loft,Entire apartment,"Downtown Los Angeles, Los Angeles",7.8,Good,1,0,0,34.0428494,-118.2476732,Los Angeles,California,United States
Susitna Suites,Entire apartment,Wasilla,9.4,Superb,2,0,0,61.5824216,-149.442563,Wasilla,Alaska,United States
Timber Run II,Entire apartment,Steamboat Springs,8.6,Fabulous,3,0,0,40.4848003,-106.8317359,,Colorado,United States
Chelan Resort Suites,Entire apartment,Chelan,7.3,Good,3,0,0,43.3448259,0.5440997,,Occitanie,France
Enchanted,Entire holiday home,Sevierville,7.6,Good,5,0,0,35.8667112,-83.5620518,,Tennessee,United States
FRONTDESK 2063 East 4th Street Apts Downtown Cleveland,Entire apartment,"Downtown Cleveland, Cleveland",8.6,Fabulous,2,0,0,35.14023735,-97.39468693478696,,Oklahoma,United States
Daytona Beach Shores Condos,Entire apartment,Daytona Beach Shores,7.8,Good,4,0,0,29.1760933,-80.9828323,Daytona Beach,Florida,United States
Island Club 1,Entire apartment,Hilton Head Island,9.0,Superb,3,0,0,32.1618488,-80.7512616,,South Carolina,United States
El Capitan,Entire apartment,"Boardwalk, Ocean City",7.4,Good,4,0,0,39.2679447,-74.586521,,New Jersey,United States
Tesla's Lake Escape,Entire holiday home,Onalaska,8.9,Fabulous,3,476,279,30.805746,-95.1163261,,Texas,United States
Liberty Creek,Entire holiday home,Fredericksburg,9.2,Superb,2,1204,0,38.3031837,-77.4605399,Fredericksburg,Virginia,United States
Shores of Panama Beach,Entire apartment,Panama City Beach,7.7,Good,4,427,507,30.1765914,-85.805386,,Florida,United States
Bear Cove Falls,Entire holiday home,Pigeon Forge,7.8,Good,1,1132,114,35.7884241,-83.5543329,,Tennessee,United States
Cute 2 bdrm Condo walking distance to Weirs Beach!,Entire apartment,Laconia,9.5,Exceptional,3,908,154,43.5278546,-71.470351,Laconia,New Hampshire,United States
Sterling Reef 2,Entire apartment,Panama City Beach,8.1,Very good,3,373,413,30.1765914,-85.805386,,Florida,United States
Windancer Condominiums,Entire apartment,"Miramar Beach, Destin",7.9,Good,4,474,212,30.3776819,-86.3415734,,Florida,United States
"Cozy Crestline Cabin, Close to Lakes, Parks!",Entire holiday home,Crestline,,Exceptional,3,1348,237,34.2495525,-117.29389561188812,,California,United States
A Relaxing Getaway-A Backwoods Cabin SolDuc River,Entire holiday home,Beaver,9.5,Exceptional,2,793,292,40.6916624,-80.3709999,Brighton Township,Pennsylvania,United States
Fiddlers Cove,Entire apartment,Hilton Head Island,8.3,Very good,4,304,193,32.1618488,-80.7512616,,South Carolina,United States
Park Pointe Condominiums,Entire apartment,Chelan,7.4,Good,5,435,0,43.3448259,0.5440997,,Occitanie,France
Snake River Roadhouse by KABINO,Private suite,Swan Valley,7.1,Good,2,610,0,43.456028,-111.341615,,Idaho,United States
The Pink Flamingo,Entire holiday home,"East End, Galveston",7.8,Good,4,501,286,29.3046766,-94.7882922,Galveston,Texas,United States
Wild Reindeer *New Cabin 5min From Parkway*HOTTUB,Entire holiday home,Sevierville,7.4,Good,3,1785,219,35.8667112,-83.5620518,,Tennessee,United States
Treehouse,Entire holiday home,Pigeon Forge,8.7,Fabulous,3,1572,441,35.7884241,-83.5543329,,Tennessee,United States
Cabin with Mountain View,Entire holiday home,Bryson City,7.0,Good,3,536,275,35.4309291,-83.447381,,North Carolina,United States
Sunrise Beach Resort II,Entire apartment,Panama City Beach,7.6,Good,3,365,234,30.1765914,-85.805386,,Florida,United States
Frisco Apartments,Entire apartment,Frisco,9.0,Superb,5,1561,202,33.1506744,-96.8236116,Frisco,Texas,United States
Sonder The Palace,Private suite,"Design District, Miami",7.7,Good,3,1273,273,25.81466,-80.1914321,Miami,Florida,United States
Phoenix on the Bay II,Entire apartment,Orange Beach,8.6,Fabulous,3,498,0,30.282839799999998,-87.62460710389821,Orange Beach,Alabama,United States
Blue Lodge,Entire holiday home,Hesston,9.4,Superb,3,595,0,38.1385315,-97.4314857,,Kansas,United States
Romar Beach Condos,Entire apartment,Gulf Shores,8.3,Very good,3,356,0,30.2711224,-87.6893826,,Alabama,United States
La Isla Apartments,Entire apartment,South Padre Island,8.8,Fabulous,4,276,0,26.1036887,-97.1646938,,Texas,United States
Magnolia Pointe,Entire holiday home,Myrtle Beach,8.6,Fabulous,2,360,0,33.6956461,-78.8900409,Myrtle Beach,South Carolina,United States
Tropic Isle,Entire apartment,Gulf Shores,8.5,Very good,4,454,477,30.2711224,-87.6893826,,Alabama,United States
Cedar Lodge,Entire apartment,Pigeon Forge,8.2,Very good,5,1212,247,35.7884241,-83.5543329,,Tennessee,United States
Object Hotel 2BR Room 2G,Private suite,Bisbee,7.8,Good,2,1356,499,31.4481547,-109.928408,,Arizona,United States
Her Majesty's Way,Entire chalet,Gatlinburg,9.3,Superb,4,2291,208,35.714259,-83.5101638,,Tennessee,United States
Seacrest,Entire apartment,Fort Walton Beach,8.2,Very good,3,377,441,30.4057552,-86.618842,,Florida,United States
Pyramid,Private suite,"North Ocean City, Ocean City",7.3,Good,4,339,262,38.430173100000005,-75.05890232007498,Ocean City,Maryland,United States
Ski Time Square Condos,Entire apartment,Steamboat Springs,7.3,Good,1,1903,214,40.4848003,-106.8317359,,Colorado,United States
Pyramid IV,Private suite,"North Ocean City, Ocean City",7.4,Good,4,248,334,38.430173100000005,-75.05890232007498,Ocean City,Maryland,United States
Rustic Riverfront Cabin about 5 Miles to Ruidoso Downs!,Entire holiday home,Ruidoso,8.3,Very good,2,1488,329,33.3315804,-105.6730991,,New Mexico,United States
Palacio Condominiums I,Entire apartment,Perdido Key,8.2,Very good,3,563,334,30.26751325,-87.59136205863628,Orange Beach,Alabama,United States
Every stay gets a set of New Sheets and Towels,Entire apartment,"Downtown Atlanta, Atlanta",9.0,Superb,3,687,334,33.7543408,-84.3870791,Atlanta,Georgia,United States
Tybee Wishes,Entire apartment,Tybee Island,8.3,Very good,1,565,310,31.9987321,-80.8469427,,Georgia,United States
Luxury Condos at Thousand Hills - Branson -Beautifully Remodeled,Entire apartment,Branson,9.4,Superb,3,729,0,36.6411357,-93.2175285,,Missouri,United States
The Beach Club Resort and Spa V,Entire apartment,Gulf Highlands,9.0,Superb,2,478,238,30.2313147,-87.8797145,,Alabama,United States
Coral Springs Resort,Entire apartment,Washington,7.3,Good,3,1155,386,38.8950368,-77.0365427,Washington,District of Columbia,United States
Sanibel Condominiums,Entire apartment,Gulf Shores,7.9,Good,2,418,0,30.2711224,-87.6893826,,Alabama,United States
Centerpoint Trail Cabin- Perfect hiking just steps away,Entire chalet,Compton,8.6,Fabulous,8,724,238,33.894927,-118.226624,,California,United States
Mighty Pines,Entire holiday home,Lake Arrowhead,,Exceptional,2,2444,405,34.2585615,-117.18300401517857,,California,United States
Gulf View II,Entire apartment,"Miramar Beach, Destin",7.3,Good,4,346,0,30.3776819,-86.3415734,,Florida,United States
Sonder The Schaeffer,Private suite,"French Quarter (Vieux Carré), New Orleans",8.0,Very good,2,972,0,29.9595056,-90.0655668,New Orleans,Louisiana,United States
Mutiny Sands Waterview,Entire holiday home,Freeland,8.7,Fabulous,2,704,0,46.6775057,-63.9629222,,Prince Edward Island,Canada
Chalet of Dreams,Entire holiday home,Pigeon Forge,8.3,Very good,3,1332,0,35.7884241,-83.5543329,,Tennessee,United States
"Designed 2BR with Balcony, Pool & Gym",Entire apartment,Bradenton,8.9,Fabulous,1,887,0,27.4989278,-82.5748194,Bradenton,Florida,United States
Magnificent views in Murphy,Entire apartment,Murphy,9.3,Superb,1,595,0,33.0151208,-96.6130478,,Texas,United States
Newly Remodeled Private Luxe Casita W Ocean Views,Entire apartment,Cardiff-by-the-Sea,,Exceptional,3,2312,0,33.0220155,-117.2803463,,California,United States
Gulf Dunes,Entire apartment,Fort Walton Beach,7.7,Good,4,447,0,30.4057552,-86.618842,,Florida,United States
Oceania Plaza & Suites,Entire apartment,New Smyrna Beach,7.9,Good,2,746,0,29.0258132,-80.9271271,New Smyrna Beach,Florida,United States
Emerald Isle #1607,Entire apartment,Pensacola Beach,,Exceptional,4,865,0,30.3342348,-87.1350979,,Florida,United States
Bayou Vue,Entire holiday home,Pensacola,7.0,Good,3,433,0,30.421309,-87.2169149,Pensacola,Florida,United States
Nightingale,Entire apartment,Saugatuck,8.0,Very good,1,1118,0,42.6549244,-86.2040552,,Michigan,United States
Bright stylish &great location 2bd Apartment,Entire apartment,"Philadelphia City Center, Philadelphia",8.1,Very good,3,401,0,39.9525541,-75.15202163851058,Philadelphia,Pennsylvania,United States
420Waldburg A · Modern Apt with Southern Charm Blocks from Forsyth,Entire apartment,"Downtown Savannah, Savannah",8.9,Fabulous,3,1529,0,32.075281950000004,-81.0984566550849,Savannah,Georgia,United States
Tidewater Beach Resort XII,Entire apartment,Panama City Beach,7.2,Good,4,456,0,30.1765914,-85.805386,,Florida,United States
St Aug Ocean and Racquet,Entire apartment,St. Augustine,8.0,Very good,3,596,0,29.8946952,-81.3145395,,Florida,United States
The Aria II @ Tuscana Resort,Entire apartment,Kissimmee,7.0,Good,4,936,0,28.2918995,-81.4075838,Kissimmee,Florida,United States
Sapphire Condominiums,Entire apartment,South Padre Island,8.8,Fabulous,1,645,0,26.1036887,-97.1646938,,Texas,United States
Mountain Escape - Endless Views - 2 Pools/Hot Tub,Entire apartment,Gatlinburg,7.7,Good,3,1423,0,35.714259,-83.5101638,,Tennessee,United States
"Mini Pearl, Private 2 BR - 1 block to BEACH!",Entire apartment,Tybee Island,,Exceptional,5,0,0,31.9987321,-80.8469427,,Georgia,United States
Convenient Pensacola Home with Deck and Fire Pit!,Entire holiday home,Pensacola,9.3,Superb,3,0,0,30.421309,-87.2169149,Pensacola,Florida,United States
Roan and Black,Entire holiday home,Saugatuck,8.5,Very good,2,0,0,42.6549244,-86.2040552,,Michigan,United States
so cozy LAZYBEARTIME private HOTTUB,Entire holiday home,Big Bear Lake,9.5,Exceptional,1,0,0,34.2440587,-116.91018,,California,United States
Rustic Hot tub Mountain house,Entire holiday home,Tallassee,8.5,Very good,4,0,0,32.5368152,-85.8987271,,Alabama,United States
PINTOs HOTEL,Entire apartment,Hallandale Beach,,Exceptional,3,0,0,25.9812025,-80.148379,,Florida,United States
Beach Colony of Perdido E02D,Entire apartment,Perdido Key,9.2,Superb,4,0,0,30.26751325,-87.59136205863628,Orange Beach,Alabama,United States
FRONTDESK Cedar Flats Apts Uptown Charlotte,Entire apartment,"Downtown Charlotte, Charlotte",8.5,Very good,2,0,0,45.1925779,-67.2776251,St. Stephen,New Brunswick / Nouveau-Brunswick,Canada
Atlanta Downtown! High Rise! Onsite Parking! LM1402,Entire apartment,"Downtown Atlanta, Atlanta",7.7,Good,2,0,0,33.7543408,-84.3870791,Atlanta,Georgia,United States
"Newly Renovated 2BR Townhouse at Gulf Highlands - 5 Min Walk to the Beach, 11 Pools!",Entire holiday home,Panama City Beach,8.5,Very good,4,0,0,30.1765914,-85.805386,,Florida,United States
Village at Winnipesaukee 59 Treetop #432,Entire apartment,Laconia,9.0,Superb,3,0,0,43.5278546,-71.470351,Laconia,New Hampshire,United States
Highly Rated 2 Bedroom Condo With Private Patio & Reserved Parking,Entire apartment,"Greenway Plaza-Upper Kirby, Houston",9.5,Exceptional,3,0,0,29.7319011,-95.4298519,Houston,Texas,United States
Tidewater Beach Resort VI,Entire apartment,Panama City Beach,7.5,Good,3,0,0,30.1765914,-85.805386,,Florida,United States
Kid-Friendly Townhouse Near Lake & Sports Complex,Entire apartment,Guntersville,9.7,Exceptional,3,0,0,34.3581474,-86.2947041,,Alabama,United States
Gulf Highlands 170 Gulf Highlands Blvd,Entire holiday home,Panama City Beach,7.0,Good,3,0,0,30.1765914,-85.805386,,Florida,United States
The Art Palace,Entire apartment,Philadelphia,8.4,Very good,3,0,0,39.9527237,-75.1635262,Philadelphia,Pennsylvania,United States
Cozy & Spacious Lake Town condo accommodates 6,Entire apartment,Panama City Beach,8.0,Very good,3,0,0,30.1765914,-85.805386,,Florida,United States
"Central Anchorage Condo, Walk to Town and Coast!",Entire apartment,"Downtown Anchorage, Anchorage",8.0,Very good,2,0,0,61.22290665,-149.883628575,Anchorage,Alaska,United States
It's a Shore Thing,Entire apartment,St. Augustine,,Exceptional,4,0,0,29.8946952,-81.3145395,,Florida,United States
Falling Water Chalet Near Bike Trails!,Entire holiday home,Bella Vista,9.0,Superb,5,0,0,36.4678036,-94.2669727,,Arkansas,United States
Peace on Poppy Street,Entire holiday home,Boise,9.0,Superb,2,0,0,43.6166163,-116.200886,Boise,Idaho,United States
"Viagem Superb 2BR With Parking, Patio near Shops",Entire apartment,Tampa,8.3,Very good,1,0,0,27.9477595,-82.458444,Tampa,Florida,United States
Hawaiian Paradise,Entire holiday home,Pahoa,7.0,Good,3,0,0,19.4967518,-154.9500722,,Hawaii,United States
Chateau at Canyon Lake,Entire vill,Canyon Lake,,Exceptional,4,0,0,33.6836539,-117.262615,,California,United States
Sunrise Suites Grand Bahama Suite #106,Entire apartment,Key West,8.6,Fabulous,2,0,0,24.5625566,-81.7724368,,Florida,United States
Luxury Apartments - Newark Int Airport - Evonify Stays,Entire apartment,Elizabeth,8.1,Very good,4,0,0,40.6639916,-74.2107006,Elizabeth,New Jersey,United States
Blue Door Duplex Renovated Parking and Designed,Entire apartment,Cutler Bay,,Exceptional,3,0,0,25.5783,-80.3377,,Florida,United States
"Comfy, Convenient Close to Rehoboth and Lewes!",Entire apartment,Rehoboth Beach,9.9,Exceptional,2,0,0,38.7164771,-75.0835107,,Delaware,United States
Lakeview Condo with Resort Pool 2 Miles to Golf!,Entire apartment,Pinehurst,8.5,Very good,4,0,0,30.1071543,-93.7746117,,Texas,United States
Islander Condominiums III,Entire apartment,Fort Walton Beach,8.6,Fabulous,4,0,0,30.4057552,-86.618842,,Florida,United States
Unit 22 - Treetop 2 Bedroom Villa,Entire holiday home,Four Seasons,9.0,Superb,3,330,0,38.1948332,-92.709765,,Missouri,United States
*New Cabin 5min From Parkway*Deer Hollow,Entire holiday home,Sevierville,7.4,Good,3,1785,0,35.8667112,-83.5620518,,Tennessee,United States
Show Low Home with Deck and Grill - 13 Mi to Hon-Dah!,Entire holiday home,Show Low,8.5,Very good,2,488,0,34.2542084,-110.029832,Show Low,Arizona,United States
Viagem Beautiful 2BR with Balcony,Entire apartment,Bradenton,7.2,Good,1,1116,247,27.4989278,-82.5748194,Bradenton,Florida,United States
West Cleveland Up Apartment WE ALLOW PETS,Entire apartment,Cleveland,8.0,Very good,2,455,0,41.4996574,-81.6936772,Cleveland,Ohio,United States
2 Bed 2 Bath Vacation home in Scottsdale,Entire holiday home,Scottsdale,8.7,Fabulous,2,526,0,33.4942189,-111.9260184,Scottsdale,Arizona,United States
Plantation Dunes III,Entire apartment,Gulf Shores,8.7,Fabulous,4,466,0,30.2711224,-87.6893826,,Alabama,United States
Joseph,Entire holiday home,Port Charlotte,8.1,Very good,2,773,0,26.982419999999998,-82.10688734598534,Port Charlotte,Florida,United States
Surfside Beach Escape with Pool - Walk to Ocean!,Entire apartment,"Surfside Beach, Myrtle Beach",9.5,Exceptional,2,337,0,33.62016835,-78.97205492008857,,South Carolina,United States
Hilton Hideaway,Entire apartment,Fairbanks,9.0,Superb,4,416,0,64.837845,-147.716675,Fairbanks,Alaska,United States
StoneRidge Golf Condo with Pool Access and Mtn Views!,Entire apartment,Blanchard,8.2,Very good,2,392,0,40.5791636,-95.2217058,,Iowa,United States
2 Bedroom Renovated Townhouse in Downtown Savannah,Entire apartment,"Downtown Savannah, Savannah",8.4,Very good,3,1258,0,32.075281950000004,-81.0984566550849,Savannah,Georgia,United States
Sea Nymph,Entire apartment,"Boardwalk, Ocean City",7.1,Good,7,392,0,39.2679447,-74.586521,,New Jersey,United States
NEW Stylish & Cozy Unit near Folsom Lake,Entire vill,Orangevale,,Exceptional,2,2437,0,38.6840715,-121.21839903078865,,California,United States
Spacious&stylish 2bd apt with great location!,Entire apartment,"Philadelphia City Center, Philadelphia",8.0,Very good,3,416,0,39.9525541,-75.15202163851058,Philadelphia,Pennsylvania,United States
"2BED/1 BATH SPACIOUS APT BOARDWALK, BEACH, CASINOS",Entire apartment,Atlantic City,8.3,Very good,1,694,0,39.3642852,-74.4229351,Atlantic City,New Jersey,United States
Ocean Reef,Entire apartment,Gulf Shores,7.1,Good,3,416,0,30.2711224,-87.6893826,,Alabama,United States
Buena Vista Cottage,Entire holiday home,Miami,8.2,Very good,3,769,0,25.7741728,-80.19362,Miami,Florida,United States
